,pred
0,13.0
1,13.0
2,50.0
3,60.0
4,156.0
5,222.0
6,528.0
7,528.0
8,564.3333333333334
9,564.3333333333334
10,564.3333333333334
11,564.3333333333334
12,542.75
13,694.0
14,694.0
15,339.0
16,230.0
17,102.0
18,83.0
19,63.0
20,25.0
21,13.263157894736842
22,3.0
23,9.5
24,6.333333333333333
25,8.0
26,65.0
27,170.0
28,156.0
29,239.0
30,239.0
31,209.64285714285714
32,315.42857142857144
33,239.0
34,239.0
35,315.42857142857144
36,438.0
37,712.5
38,769.3636363636364
39,521.125
40,367.7391304347826
41,154.71428571428572
42,129.0
43,90.22222222222223
44,30.875
45,13.263157894736842
46,19.0
47,9.5
48,9.5
49,8.0
50,120.0
51,92.0
52,409.0
53,330.65
54,173.55
55,209.64285714285714
56,315.42857142857144
57,315.42857142857144
58,315.42857142857144
59,315.42857142857144
60,438.0
61,769.3636363636364
62,769.3636363636364
63,521.125
64,367.7391304347826
65,258.5
66,83.0
67,90.22222222222223
68,32.172413793103445
69,13.263157894736842
70,16.0
71,9.5
72,4.8
73,8.0
74,182.0
75,484.0
76,745.0
77,330.65
78,173.55
79,209.64285714285714
80,315.42857142857144
81,315.42857142857144
82,315.42857142857144
83,315.42857142857144
84,111.0
85,111.0
86,111.0
87,442.55555555555554
88,315.5
89,258.5
90,242.8
91,166.0
92,30.875
93,22.318181818181817
94,19.0
95,9.5
96,9.5
97,34.5
98,182.0
99,484.0
100,745.0
101,330.65
102,173.55
103,209.64285714285714
104,315.42857142857144
105,315.42857142857144
106,315.42857142857144
107,315.42857142857144
108,438.0
109,712.5
110,712.5
111,521.125
112,315.5
113,109.0
114,242.8
115,104.0
116,89.0
117,48.0
118,11.0
119,14.0
120,4.0
121,34.5
122,182.0
123,418.0
124,745.0
125,369.5
126,246.77777777777777
127,246.77777777777777
128,343.0
129,343.0
130,353.46666666666664
131,343.0
132,440.0
133,712.5
134,769.3636363636364
135,521.125
136,367.7391304347826
137,258.5
138,271.0
139,239.0
140,98.0
141,107.0
142,78.4
143,66.0
144,22.0
145,1.0
146,50.0
147,71.0
148,178.0
149,288.0
150,444.0
151,546.1428571428571
152,623.05
153,623.05
154,623.05
155,623.05
156,613.4285714285714
157,694.0
158,635.5
159,442.55555555555554
160,315.5
161,258.5
162,271.0
163,239.0
164,98.0
165,128.0
166,78.4
167,66.0
168,22.0
169,22.0
170,50.0
171,60.0
172,156.0
173,222.0
174,376.3333333333333
175,376.3333333333333
176,564.3333333333334
177,564.3333333333334
178,564.3333333333334
179,564.3333333333334
180,542.75
181,694.0
182,694.0
183,339.0
184,243.0
185,102.0
186,129.0
187,71.0
188,98.0
189,128.0
190,45.0
191,18.0
192,22.0
193,22.0
194,133.0
195,387.0
196,387.0
197,297.0
198,271.0
199,263.0
200,263.0
201,263.0
202,263.0
203,275.0
204,542.75
205,694.0
206,694.0
207,521.125
208,367.7391304347826
209,205.42105263157896
210,83.0
211,90.22222222222223
212,32.172413793103445
213,15.545454545454545
214,16.0
215,9.5
216,9.5
217,34.5
218,182.0
219,484.0
220,409.0
221,330.65
222,173.55
223,209.64285714285714
224,315.42857142857144
225,315.42857142857144
226,315.42857142857144
227,315.42857142857144
228,438.0
229,712.5
230,712.5
231,521.125
232,39.0
233,155.0
234,99.25
235,71.0
236,25.0
237,13.263157894736842
238,6.0
239,4.75
240,9.5
241,34.5
242,182.0
243,372.0
244,745.0
245,330.65
246,173.55
247,209.64285714285714
248,315.42857142857144
249,315.42857142857144
250,315.42857142857144
251,315.42857142857144
252,438.0
253,769.3636363636364
254,769.3636363636364
255,521.125
256,315.5
257,258.5
258,286.0
259,166.0
260,79.0
261,22.318181818181817
262,16.0
263,9.5
264,9.5
265,34.5
266,182.0
267,484.0
268,745.0
269,330.65
270,173.55
271,209.64285714285714
272,315.42857142857144
273,315.42857142857144
274,315.42857142857144
275,315.42857142857144
276,438.0
277,769.3636363636364
278,769.3636363636364
279,521.125
280,367.7391304347826
281,258.5
282,338.0
283,166.0
284,89.0
285,35.0
286,11.0
287,14.0
288,4.0
289,34.5
290,94.0
291,418.0
292,745.0
293,303.0
294,246.77777777777777
295,343.0
296,343.0
297,343.0
298,171.0
299,171.0
300,111.0
301,111.0
302,229.0
303,304.0
304,51.0
305,109.0
306,26.0
307,256.0
308,98.0
309,107.0
310,78.4
311,66.0
312,9.0
313,13.0
314,50.0
315,91.0
316,178.0
317,288.0
318,444.0
319,546.1428571428571
320,623.05
321,623.05
322,623.05
323,623.05
324,613.4285714285714
325,530.2666666666667
326,441.1666666666667
327,521.125
328,298.3333333333333
329,258.5
330,274.0
331,239.0
332,98.0
333,104.0
334,78.4
335,66.0
336,13.0
337,13.0
338,50.0
339,60.0
340,156.0
341,222.0
342,376.3333333333333
343,376.3333333333333
344,564.3333333333334
345,564.3333333333334
346,564.3333333333334
347,564.3333333333334
348,542.75
349,530.2666666666667
350,441.1666666666667
351,339.0
352,230.0
353,205.42105263157896
354,83.0
355,90.22222222222223
356,37.416666666666664
357,13.263157894736842
358,19.0
359,9.5
360,9.5
361,34.5
362,182.0
363,484.0
364,409.0
365,299.6666666666667
366,173.55
367,209.64285714285714
368,315.42857142857144
369,315.42857142857144
370,315.42857142857144
371,315.42857142857144
372,438.0
373,712.5
374,712.5
375,521.125
376,367.7391304347826
377,205.42105263157896
378,83.0
379,90.22222222222223
380,32.172413793103445
381,13.263157894736842
382,1.3333333333333333
383,4.75
384,4.8
385,8.0
386,182.0
387,484.0
388,409.0
389,330.65
390,173.55
391,209.64285714285714
392,315.42857142857144
393,315.42857142857144
394,315.42857142857144
395,315.42857142857144
396,438.0
397,769.3636363636364
398,769.3636363636364
399,521.125
400,367.7391304347826
401,258.5
402,83.0
403,90.22222222222223
404,37.416666666666664
405,16.304347826086957
406,19.0
407,9.5
408,9.5
409,34.5
410,182.0
411,484.0
412,745.0
413,330.65
414,173.55
415,209.64285714285714
416,315.42857142857144
417,315.42857142857144
418,315.42857142857144
419,315.42857142857144
420,438.0
421,769.3636363636364
422,221.0
423,521.125
424,367.7391304347826
425,258.5
426,242.8
427,166.0
428,79.0
429,22.318181818181817
430,19.0
431,9.5
432,9.5
433,34.5
434,182.0
435,484.0
436,745.0
437,330.65
438,173.55
439,209.64285714285714
440,315.42857142857144
441,315.42857142857144
442,315.42857142857144
443,315.42857142857144
444,438.0
445,712.5
446,712.5
447,521.125
448,367.7391304347826
449,258.5
450,338.0
451,166.0
452,71.5
453,35.0
454,32.0
455,14.0
456,4.0
457,34.5
458,182.0
459,484.0
460,745.0
461,300.42857142857144
462,300.42857142857144
463,300.42857142857144
464,353.46666666666664
465,353.46666666666664
466,353.46666666666664
467,353.46666666666664
468,560.6666666666666
469,769.3636363636364
470,712.5
471,521.125
472,367.7391304347826
473,258.5
474,338.0
475,239.0
476,170.0
477,130.0
478,78.4
479,66.0
480,22.0
481,22.0
482,50.0
483,91.0
484,178.0
485,288.0
486,444.0
487,546.1428571428571
488,623.05
489,623.05
490,623.05
491,623.05
492,613.4285714285714
493,635.5
494,635.5
495,521.125
496,298.3333333333333
497,258.5
498,271.0
499,239.0
500,170.0
501,128.0
502,78.4
503,66.0
504,22.0
505,22.0
506,50.0
507,60.0
508,156.0
509,222.0
510,376.3333333333333
511,376.3333333333333
512,564.3333333333334
513,564.3333333333334
514,564.3333333333334
515,564.3333333333334
516,542.75
517,694.0
518,635.5
519,276.0
520,243.0
521,205.42105263157896
522,83.0
523,90.22222222222223
524,37.416666666666664
525,13.263157894736842
526,16.0
527,9.5
528,9.5
529,34.5
530,182.0
531,484.0
532,409.0
533,299.6666666666667
534,173.55
535,209.64285714285714
536,315.42857142857144
537,315.42857142857144
538,315.42857142857144
539,315.42857142857144
540,438.0
541,712.5
542,712.5
543,442.55555555555554
544,315.5
545,205.42105263157896
546,129.0
547,90.22222222222223
548,37.416666666666664
549,15.545454545454545
550,16.0
551,9.5
552,4.8
553,8.0
554,182.0
555,170.0
556,409.0
557,330.65
558,239.0
559,239.0
560,239.0
561,239.0
562,239.0
563,239.0
564,438.0
565,712.5
566,769.3636363636364
567,521.125
568,367.7391304347826
569,258.5
570,171.0
571,71.0
572,30.875
573,16.304347826086957
574,16.0
575,9.5
576,9.5
577,34.5
578,182.0
579,484.0
580,745.0
581,400.0
582,173.55
583,209.64285714285714
584,315.42857142857144
585,315.42857142857144
586,315.42857142857144
587,315.42857142857144
588,438.0
589,712.5
590,712.5
591,521.125
592,367.7391304347826
593,258.5
594,338.0
595,166.0
596,79.0
597,22.318181818181817
598,16.0
599,9.5
600,9.5
601,34.5
602,182.0
603,484.0
604,745.0
605,330.65
606,173.55
607,209.64285714285714
608,315.42857142857144
609,315.42857142857144
610,315.42857142857144
611,315.42857142857144
612,438.0
613,712.5
614,769.3636363636364
615,521.125
616,367.7391304347826
617,258.5
618,286.0
619,104.0
620,89.0
621,35.0
622,32.0
623,14.0
624,4.0
625,34.5
626,182.0
627,484.0
628,745.0
629,303.0
630,300.42857142857144
631,300.42857142857144
632,353.46666666666664
633,353.46666666666664
634,353.46666666666664
635,353.46666666666664
636,560.6666666666666
637,712.5
638,712.5
639,521.125
640,367.7391304347826
641,258.5
642,338.0
643,239.0
644,98.0
645,130.0
646,78.4
647,66.0
648,9.0
649,9.0
650,50.0
651,71.0
652,178.0
653,288.0
654,444.0
655,546.1428571428571
656,623.05
657,623.05
658,623.05
659,623.05
660,613.4285714285714
661,694.0
662,635.5
663,442.55555555555554
664,315.5
665,258.5
666,338.0
667,149.0
668,98.0
669,130.0
670,78.4
671,66.0
672,9.0
673,9.0
674,50.0
675,60.0
676,156.0
677,222.0
678,376.3333333333333
679,376.3333333333333
680,564.3333333333334
681,564.3333333333334
682,564.3333333333334
683,564.3333333333334
684,542.75
685,530.2666666666667
686,441.1666666666667
687,339.0
688,230.0
689,205.42105263157896
690,83.0
691,90.22222222222223
692,32.172413793103445
693,13.263157894736842
694,19.0
695,9.5
696,9.5
697,8.0
698,114.0
699,170.0
700,409.0
701,299.6666666666667
702,239.0
703,209.64285714285714
704,239.0
705,315.42857142857144
706,315.42857142857144
707,315.42857142857144
708,438.0
709,769.3636363636364
710,769.3636363636364
711,442.55555555555554
712,315.5
713,154.71428571428572
714,129.0
715,63.0
716,32.172413793103445
717,13.263157894736842
718,16.0
719,9.5
720,9.5
721,34.5
722,182.0
723,418.0
724,409.0
725,330.65
726,173.55
727,209.64285714285714
728,315.42857142857144
729,315.42857142857144
730,315.42857142857144
731,315.42857142857144
732,438.0
733,769.3636363636364
734,769.3636363636364
735,521.125
736,367.7391304347826
737,258.5
738,83.0
739,90.22222222222223
740,32.172413793103445
741,15.545454545454545
742,16.0
743,9.5
744,9.5
745,34.5
746,182.0
747,418.0
748,745.0
749,330.65
750,173.55
751,209.64285714285714
752,315.42857142857144
753,315.42857142857144
754,315.42857142857144
755,315.42857142857144
756,438.0
757,769.3636363636364
758,769.3636363636364
759,521.125
760,367.7391304347826
761,258.5
762,338.0
763,166.0
764,79.0
765,22.318181818181817
766,16.0
767,5.558558558558558
768,5.558558558558558
769,34.5
770,182.0
771,418.0
772,745.0
773,330.65
774,173.55
775,209.64285714285714
776,315.42857142857144
777,315.42857142857144
778,315.42857142857144
779,315.42857142857144
780,438.0
781,769.3636363636364
782,769.3636363636364
783,521.125
784,367.7391304347826
785,258.5
786,286.0
787,166.0
788,89.0
789,35.0
790,11.0
791,14.0
792,4.0
793,34.5
794,182.0
795,484.0
796,745.0
797,300.42857142857144
798,300.42857142857144
799,300.42857142857144
800,353.46666666666664
801,353.46666666666664
802,353.46666666666664
803,353.46666666666664
804,560.6666666666666
805,769.3636363636364
806,769.3636363636364
807,442.55555555555554
808,315.5
809,109.0
810,271.0
811,239.0
812,170.0
813,128.0
814,78.4
815,66.0
816,22.0
817,22.0
818,50.0
819,71.0
820,178.0
821,288.0
822,444.0
823,546.1428571428571
824,623.05
825,623.05
826,623.05
827,623.05
828,613.4285714285714
829,694.0
830,694.0
831,521.125
832,298.3333333333333
833,258.5
834,338.0
835,239.0
836,170.0
837,130.0
838,78.4
839,66.0
840,22.0
841,22.0
842,50.0
843,60.0
844,156.0
845,222.0
846,376.3333333333333
847,376.3333333333333
848,564.3333333333334
849,564.3333333333334
850,564.3333333333334
851,564.3333333333334
852,542.75
853,694.0
854,694.0
855,339.0
856,230.0
857,205.42105263157896
858,83.0
859,90.22222222222223
860,37.416666666666664
861,15.545454545454545
862,16.0
863,5.558558558558558
864,5.558558558558558
865,34.5
866,182.0
867,484.0
868,409.0
869,299.6666666666667
870,173.55
871,209.64285714285714
872,315.42857142857144
873,315.42857142857144
874,315.42857142857144
875,315.42857142857144
876,438.0
877,712.5
878,712.5
879,521.125
880,367.7391304347826
881,130.0
882,83.0
883,90.22222222222223
884,37.416666666666664
885,13.263157894736842
886,19.0
887,5.558558558558558
888,5.558558558558558
889,34.5
890,182.0
891,484.0
892,409.0
893,330.65
894,173.55
895,209.64285714285714
896,315.42857142857144
897,315.42857142857144
898,315.42857142857144
899,315.42857142857144
900,438.0
901,712.5
902,712.5
903,521.125
904,367.7391304347826
905,258.5
906,83.0
907,90.22222222222223
908,37.416666666666664
909,13.263157894736842
910,19.0
911,5.558558558558558
912,5.558558558558558
913,34.5
914,182.0
915,484.0
916,745.0
917,330.65
918,173.55
919,209.64285714285714
920,315.42857142857144
921,315.42857142857144
922,315.42857142857144
923,315.42857142857144
924,438.0
925,712.5
926,712.5
927,521.125
928,367.7391304347826
929,258.5
930,338.0
931,166.0
932,79.0
933,22.318181818181817
934,16.0
935,5.558558558558558
936,5.558558558558558
937,34.5
938,182.0
939,484.0
940,745.0
941,330.65
942,173.55
943,209.64285714285714
944,315.42857142857144
945,315.42857142857144
946,315.42857142857144
947,315.42857142857144
948,438.0
949,769.3636363636364
950,712.5
951,521.125
952,367.7391304347826
953,258.5
954,338.0
955,166.0
956,89.0
957,35.0
958,11.0
959,14.0
960,4.0
961,34.5
962,182.0
963,484.0
964,745.0
965,300.42857142857144
966,300.42857142857144
967,300.42857142857144
968,353.46666666666664
969,353.46666666666664
970,353.46666666666664
971,353.46666666666664
972,560.6666666666666
973,769.3636363636364
974,769.3636363636364
975,521.125
976,367.7391304347826
977,258.5
978,271.0
979,239.0
980,98.0
981,107.0
982,78.4
983,66.0
984,22.0
985,22.0
986,50.0
987,71.0
988,178.0
989,288.0
990,444.0
991,546.1428571428571
992,623.05
993,623.05
994,623.05
995,623.05
996,613.4285714285714
997,635.5
998,635.5
999,521.125
1000,298.3333333333333
1001,258.5
1002,271.0
1003,239.0
1004,170.0
1005,128.0
1006,78.4
1007,66.0
1008,22.0
1009,22.0
1010,50.0
1011,60.0
1012,156.0
1013,222.0
1014,528.0
1015,376.3333333333333
1016,564.3333333333334
1017,564.3333333333334
1018,564.3333333333334
1019,564.3333333333334
1020,542.75
1021,694.0
1022,694.0
1023,339.0
1024,243.0
1025,205.42105263157896
1026,83.0
1027,92.0
1028,37.416666666666664
1029,15.545454545454545
1030,16.0
1031,5.558558558558558
1032,5.558558558558558
1033,34.5
1034,182.0
1035,484.0
1036,409.0
1037,299.6666666666667
1038,173.55
1039,209.64285714285714
1040,315.42857142857144
1041,315.42857142857144
1042,315.42857142857144
1043,315.42857142857144
1044,438.0
1045,769.3636363636364
1046,769.3636363636364
1047,521.125
1048,367.7391304347826
1049,205.42105263157896
1050,83.0
1051,90.22222222222223
1052,37.416666666666664
1053,15.545454545454545
1054,16.0
1055,5.558558558558558
1056,5.558558558558558
1057,34.5
1058,182.0
1059,484.0
1060,409.0
1061,330.65
1062,173.55
1063,209.64285714285714
1064,315.42857142857144
1065,315.42857142857144
1066,315.42857142857144
1067,315.42857142857144
1068,438.0
1069,769.3636363636364
1070,769.3636363636364
1071,442.55555555555554
1072,39.0
1073,258.5
1074,83.0
1075,90.22222222222223
1076,170.0
1077,128.0
1078,45.0
1079,16.0
1080,9.0
1081,22.0
1082,133.0
1083,387.0
1084,387.0
1085,297.0
1086,263.0
1087,263.0
1088,263.0
1089,263.0
1090,263.0
1091,275.0
1092,542.75
1093,694.0
1094,635.5
1095,521.125
1096,367.7391304347826
1097,258.5
1098,286.0
1099,104.0
1100,79.0
1101,22.318181818181817
1102,16.0
1103,5.558558558558558
1104,5.558558558558558
1105,34.5
1106,182.0
1107,484.0
1108,745.0
1109,330.65
1110,173.55
1111,209.64285714285714
1112,315.42857142857144
1113,315.42857142857144
1114,315.42857142857144
1115,315.42857142857144
1116,438.0
1117,769.3636363636364
1118,712.5
1119,442.55555555555554
1120,315.5
1121,258.5
1122,286.0
1123,166.0
1124,89.0
1125,35.0
1126,11.0
1127,14.0
1128,4.0
1129,34.5
1130,182.0
1131,484.0
1132,745.0
1133,300.42857142857144
1134,300.42857142857144
1135,300.42857142857144
1136,353.46666666666664
1137,353.46666666666664
1138,353.46666666666664
1139,353.46666666666664
1140,560.6666666666666
1141,769.3636363636364
1142,712.5
1143,521.125
1144,367.7391304347826
1145,258.5
1146,338.0
1147,239.0
1148,98.0
1149,128.0
1150,78.4
1151,66.0
1152,22.0
1153,22.0
1154,50.0
1155,91.0
1156,178.0
1157,288.0
1158,444.0
1159,546.1428571428571
1160,623.05
1161,623.05
1162,623.05
1163,623.05
1164,613.4285714285714
1165,635.5
1166,635.5
1167,521.125
1168,298.3333333333333
1169,258.5
1170,271.0
1171,239.0
1172,98.0
1173,130.0
1174,78.4
1175,66.0
1176,22.0
1177,22.0
1178,50.0
1179,60.0
1180,156.0
1181,222.0
1182,376.3333333333333
1183,528.0
1184,564.3333333333334
1185,564.3333333333334
1186,564.3333333333334
1187,564.3333333333334
1188,542.75
1189,635.5
1190,635.5
1191,339.0
1192,243.0
1193,154.71428571428572
1194,129.0
1195,71.0
1196,25.470588235294116
1197,15.545454545454545
1198,4.75
1199,4.75
1200,6.333333333333333
1201,34.5
1202,65.0
1203,170.0
1204,409.0
1205,299.6666666666667
1206,173.55
1207,209.64285714285714
1208,315.42857142857144
1209,315.42857142857144
1210,315.42857142857144
1211,315.42857142857144
1212,438.0
1213,769.3636363636364
1214,769.3636363636364
1215,521.125
1216,315.5
1217,205.42105263157896
1218,129.0
1219,90.22222222222223
1220,32.172413793103445
1221,15.545454545454545
1222,16.0
1223,5.558558558558558
1224,5.558558558558558
1225,34.5
1226,182.0
1227,418.0
1228,409.0
1229,330.65
1230,173.55
1231,209.64285714285714
1232,315.42857142857144
1233,315.42857142857144
1234,315.42857142857144
1235,315.42857142857144
1236,438.0
1237,769.3636363636364
1238,229.0
1239,304.0
1240,51.0
1241,77.0
1242,129.0
1243,90.22222222222223
1244,25.470588235294116
1245,16.304347826086957
1246,16.0
1247,5.558558558558558
1248,5.558558558558558
1249,34.5
1250,182.0
1251,418.0
1252,745.0
1253,330.65
1254,173.55
1255,209.64285714285714
1256,315.42857142857144
1257,315.42857142857144
1258,315.42857142857144
1259,315.42857142857144
1260,438.0
1261,712.5
1262,712.5
1263,521.125
1264,367.7391304347826
1265,258.5
1266,286.0
1267,98.0
1268,79.0
1269,22.318181818181817
1270,16.0
1271,5.558558558558558
1272,5.558558558558558
1273,34.5
1274,182.0
1275,484.0
1276,745.0
1277,330.65
1278,173.55
1279,209.64285714285714
1280,315.42857142857144
1281,315.42857142857144
1282,315.42857142857144
1283,315.42857142857144
1284,438.0
1285,712.5
1286,769.3636363636364
1287,521.125
1288,367.7391304347826
1289,258.5
1290,338.0
1291,98.0
1292,89.0
1293,46.0
1294,11.0
1295,14.0
1296,4.0
1297,34.5
1298,182.0
1299,418.0
1300,745.0
1301,300.42857142857144
1302,300.42857142857144
1303,300.42857142857144
1304,353.46666666666664
1305,353.46666666666664
1306,353.46666666666664
1307,353.46666666666664
1308,560.6666666666666
1309,769.3636363636364
1310,769.3636363636364
1311,521.125
1312,367.7391304347826
1313,258.5
1314,338.0
1315,239.0
1316,170.0
1317,130.0
1318,78.4
1319,66.0
1320,22.0
1321,22.0
1322,50.0
1323,71.0
1324,178.0
1325,288.0
1326,444.0
1327,546.1428571428571
1328,623.05
1329,623.05
1330,623.05
1331,623.05
1332,613.4285714285714
1333,115.0
1334,635.5
1335,521.125
1336,189.0
1337,258.5
1338,271.0
1339,256.0
1340,98.0
1341,107.0
1342,78.4
1343,66.0
1344,22.0
1345,22.0
1346,50.0
1347,60.0
1348,156.0
1349,222.0
1350,376.3333333333333
1351,376.3333333333333
1352,564.3333333333334
1353,564.3333333333334
1354,564.3333333333334
1355,564.3333333333334
1356,542.75
1357,694.0
1358,229.0
1359,339.0
1360,230.0
1361,154.71428571428572
1362,83.0
1363,90.22222222222223
1364,32.172413793103445
1365,15.545454545454545
1366,16.0
1367,5.558558558558558
1368,5.558558558558558
1369,34.5
1370,182.0
1371,484.0
1372,409.0
1373,299.6666666666667
1374,173.55
1375,209.64285714285714
1376,315.42857142857144
1377,315.42857142857144
1378,315.42857142857144
1379,315.42857142857144
1380,111.0
1381,111.0
1382,769.3636363636364
1383,521.125
1384,367.7391304347826
1385,205.42105263157896
1386,83.0
1387,90.22222222222223
1388,25.470588235294116
1389,15.545454545454545
1390,16.0
1391,5.558558558558558
1392,5.558558558558558
1393,34.5
1394,182.0
1395,418.0
1396,409.0
1397,330.65
1398,173.55
1399,209.64285714285714
1400,315.42857142857144
1401,315.42857142857144
1402,315.42857142857144
1403,315.42857142857144
1404,438.0
1405,769.3636363636364
1406,769.3636363636364
1407,521.125
1408,367.7391304347826
1409,258.5
1410,83.0
1411,132.0
1412,37.416666666666664
1413,15.545454545454545
1414,16.0
1415,5.558558558558558
1416,5.558558558558558
1417,34.5
1418,182.0
1419,484.0
1420,745.0
1421,330.65
1422,173.55
1423,209.64285714285714
1424,315.42857142857144
1425,315.42857142857144
1426,315.42857142857144
1427,239.0
1428,438.0
1429,712.5
1430,769.3636363636364
1431,442.55555555555554
1432,367.7391304347826
1433,258.5
1434,286.0
1435,166.0
1436,79.0
1437,22.318181818181817
1438,16.0
1439,5.558558558558558
1440,5.558558558558558
1441,34.5
1442,182.0
1443,484.0
1444,745.0
1445,330.65
1446,173.55
1447,209.64285714285714
1448,315.42857142857144
1449,315.42857142857144
1450,315.42857142857144
1451,315.42857142857144
1452,438.0
1453,769.3636363636364
1454,769.3636363636364
1455,521.125
1456,367.7391304347826
1457,141.0
1458,141.0
1459,71.0
1460,16.0
1461,48.0
1462,11.0
1463,14.0
1464,4.0
1465,34.5
1466,182.0
1467,418.0
1468,745.0
1469,303.0
1470,343.0
1471,171.0
1472,171.0
1473,107.0
1474,171.0
1475,343.0
1476,440.0
1477,712.5
1478,712.5
1479,442.55555555555554
1480,39.0
1481,109.0
1482,242.8
1483,149.0
1484,98.0
1485,107.0
1486,106.0
1487,66.0
1488,9.0
1489,1.0
1490,50.0
1491,71.0
1492,178.0
1493,288.0
1494,196.0
1495,546.1428571428571
1496,623.05
1497,623.05
1498,196.0
1499,196.0
1500,177.0
1501,115.0
1502,441.1666666666667
1503,442.55555555555554
1504,111.0
1505,99.25
1506,99.25
1507,256.0
1508,170.0
1509,107.0
1510,78.4
1511,66.0
1512,22.0
1513,22.0
1514,50.0
1515,60.0
1516,156.0
1517,222.0
1518,376.3333333333333
1519,376.3333333333333
1520,564.3333333333334
1521,564.3333333333334
1522,564.3333333333334
1523,564.3333333333334
1524,542.75
1525,635.5
1526,635.5
1527,339.0
1528,243.0
1529,154.71428571428572
1530,83.0
1531,90.22222222222223
1532,25.470588235294116
1533,13.263157894736842
1534,16.0
1535,5.558558558558558
1536,5.558558558558558
1537,38.0
1538,182.0
1539,484.0
1540,409.0
1541,299.6666666666667
1542,173.55
1543,209.64285714285714
1544,315.42857142857144
1545,315.42857142857144
1546,315.42857142857144
1547,315.42857142857144
1548,438.0
1549,769.3636363636364
1550,769.3636363636364
1551,521.125
1552,367.7391304347826
1553,205.42105263157896
1554,83.0
1555,90.22222222222223
1556,32.172413793103445
1557,15.545454545454545
1558,16.0
1559,5.558558558558558
1560,5.558558558558558
1561,34.5
1562,182.0
1563,484.0
1564,409.0
1565,330.65
1566,173.55
1567,209.64285714285714
1568,315.42857142857144
1569,315.42857142857144
1570,315.42857142857144
1571,315.42857142857144
1572,438.0
1573,712.5
1574,712.5
1575,521.125
1576,367.7391304347826
1577,258.5
1578,83.0
1579,90.22222222222223
1580,37.416666666666664
1581,15.545454545454545
1582,16.0
1583,5.558558558558558
1584,5.558558558558558
1585,34.5
1586,182.0
1587,484.0
1588,745.0
1589,330.65
1590,173.55
1591,209.64285714285714
1592,315.42857142857144
1593,315.42857142857144
1594,315.42857142857144
1595,315.42857142857144
1596,438.0
1597,769.3636363636364
1598,769.3636363636364
1599,521.125
1600,367.7391304347826
1601,258.5
1602,286.0
1603,166.0
1604,79.0
1605,22.318181818181817
1606,16.0
1607,5.558558558558558
1608,5.558558558558558
1609,34.5
1610,182.0
1611,484.0
1612,745.0
1613,330.65
1614,173.55
1615,209.64285714285714
1616,315.42857142857144
1617,315.42857142857144
1618,315.42857142857144
1619,315.42857142857144
1620,438.0
1621,712.5
1622,712.5
1623,521.125
1624,367.7391304347826
1625,258.5
1626,338.0
1627,166.0
1628,89.0
1629,48.0
1630,11.0
1631,14.0
1632,4.0
1633,34.5
1634,182.0
1635,484.0
1636,745.0
1637,300.42857142857144
1638,300.42857142857144
1639,300.42857142857144
1640,353.46666666666664
1641,353.46666666666664
1642,353.46666666666664
1643,353.46666666666664
1644,440.0
1645,712.5
1646,769.3636363636364
1647,521.125
1648,367.7391304347826
1649,258.5
1650,271.0
1651,239.0
1652,98.0
1653,128.0
1654,78.4
1655,66.0
1656,22.0
1657,22.0
1658,50.0
1659,71.0
1660,178.0
1661,288.0
1662,444.0
1663,546.1428571428571
1664,623.05
1665,623.05
1666,623.05
1667,623.05
1668,613.4285714285714
1669,635.5
1670,694.0
1671,521.125
1672,298.3333333333333
1673,258.5
1674,271.0
1675,256.0
1676,98.0
1677,107.0
1678,78.4
1679,66.0
1680,22.0
1681,22.0
1682,50.0
1683,60.0
1684,156.0
1685,222.0
1686,376.3333333333333
1687,376.3333333333333
1688,564.3333333333334
1689,564.3333333333334
1690,564.3333333333334
1691,564.3333333333334
1692,542.75
1693,635.5
1694,694.0
1695,339.0
1696,243.0
1697,154.71428571428572
1698,83.0
1699,90.22222222222223
1700,32.172413793103445
1701,15.545454545454545
1702,16.0
1703,5.558558558558558
1704,5.558558558558558
1705,34.5
1706,182.0
1707,484.0
1708,409.0
1709,299.6666666666667
1710,173.55
1711,209.64285714285714
1712,315.42857142857144
1713,315.42857142857144
1714,315.42857142857144
1715,315.42857142857144
1716,438.0
1717,712.5
1718,712.5
1719,521.125
1720,367.7391304347826
1721,154.71428571428572
1722,129.0
1723,90.22222222222223
1724,32.172413793103445
1725,13.263157894736842
1726,16.0
1727,5.558558558558558
1728,5.558558558558558
1729,34.5
1730,182.0
1731,484.0
1732,409.0
1733,330.65
1734,173.55
1735,209.64285714285714
1736,315.42857142857144
1737,315.42857142857144
1738,315.42857142857144
1739,315.42857142857144
1740,438.0
1741,712.5
1742,712.5
1743,111.0
1744,111.0
1745,258.5
1746,83.0
1747,90.22222222222223
1748,32.172413793103445
1749,16.304347826086957
1750,16.0
1751,5.558558558558558
1752,5.558558558558558
1753,34.5
1754,182.0
1755,418.0
1756,745.0
1757,330.65
1758,173.55
1759,209.64285714285714
1760,315.42857142857144
1761,315.42857142857144
1762,315.42857142857144
1763,315.42857142857144
1764,438.0
1765,769.3636363636364
1766,111.0
1767,521.125
1768,367.7391304347826
1769,258.5
1770,286.0
1771,166.0
1772,79.0
1773,22.318181818181817
1774,16.0
1775,5.558558558558558
1776,5.558558558558558
1777,34.5
1778,182.0
1779,484.0
1780,745.0
1781,330.65
1782,173.55
1783,209.64285714285714
1784,315.42857142857144
1785,315.42857142857144
1786,315.42857142857144
1787,315.42857142857144
1788,438.0
1789,712.5
1790,712.5
1791,521.125
1792,367.7391304347826
1793,258.5
1794,286.0
1795,166.0
1796,89.0
1797,35.0
1798,11.0
1799,14.0
1800,4.0
1801,34.5
1802,182.0
1803,484.0
1804,745.0
1805,303.0
1806,300.42857142857144
1807,300.42857142857144
1808,353.46666666666664
1809,353.46666666666664
1810,353.46666666666664
1811,353.46666666666664
1812,560.6666666666666
1813,712.5
1814,712.5
1815,442.55555555555554
1816,315.5
1817,258.5
1818,271.0
1819,239.0
1820,98.0
1821,107.0
1822,78.4
1823,66.0
1824,22.0
1825,1.0
1826,50.0
1827,71.0
1828,178.0
1829,288.0
1830,444.0
1831,546.1428571428571
1832,623.05
1833,623.05
1834,623.05
1835,623.05
1836,613.4285714285714
1837,694.0
1838,694.0
1839,521.125
1840,298.3333333333333
1841,258.5
1842,271.0
1843,149.0
1844,98.0
1845,128.0
1846,78.4
1847,66.0
1848,9.0
1849,1.0
1850,50.0
1851,60.0
1852,156.0
1853,222.0
1854,528.0
1855,528.0
1856,564.3333333333334
1857,564.3333333333334
1858,564.3333333333334
1859,564.3333333333334
1860,542.75
1861,694.0
1862,229.0
1863,339.0
1864,243.0
1865,154.71428571428572
1866,83.0
1867,90.22222222222223
1868,32.172413793103445
1869,15.545454545454545
1870,16.0
1871,4.75
1872,5.558558558558558
1873,34.5
1874,182.0
1875,92.0
1876,409.0
1877,239.0
1878,173.55
1879,209.64285714285714
1880,315.42857142857144
1881,315.42857142857144
1882,315.42857142857144
1883,315.42857142857144
1884,438.0
1885,769.3636363636364
1886,769.3636363636364
1887,521.125
1888,367.7391304347826
1889,154.71428571428572
1890,83.0
1891,90.22222222222223
1892,25.470588235294116
1893,15.545454545454545
1894,16.0
1895,5.558558558558558
1896,5.558558558558558
1897,34.5
1898,182.0
1899,418.0
1900,409.0
1901,330.65
1902,173.55
1903,209.64285714285714
1904,315.42857142857144
1905,315.42857142857144
1906,315.42857142857144
1907,315.42857142857144
1908,111.0
1909,769.3636363636364
1910,769.3636363636364
1911,442.55555555555554
1912,315.5
1913,258.5
1914,83.0
1915,90.22222222222223
1916,25.470588235294116
1917,15.545454545454545
1918,16.0
1919,5.558558558558558
1920,5.558558558558558
1921,34.5
1922,182.0
1923,418.0
1924,745.0
1925,330.65
1926,173.55
1927,209.64285714285714
1928,315.42857142857144
1929,315.42857142857144
1930,315.42857142857144
1931,315.42857142857144
1932,438.0
1933,712.5
1934,769.3636363636364
1935,521.125
1936,367.7391304347826
1937,258.5
1938,286.0
1939,166.0
1940,79.0
1941,22.318181818181817
1942,16.0
1943,5.558558558558558
1944,5.558558558558558
1945,38.0
1946,182.0
1947,418.0
1948,745.0
1949,330.65
1950,173.55
1951,209.64285714285714
1952,315.42857142857144
1953,315.42857142857144
1954,315.42857142857144
1955,315.42857142857144
1956,438.0
1957,712.5
1958,712.5
1959,521.125
1960,367.7391304347826
1961,258.5
1962,286.0
1963,166.0
1964,89.0
1965,48.0
1966,11.0
1967,14.0
1968,4.0
1969,3.0
1970,18.0
1971,225.0
1972,627.0
1973,369.5
1974,246.77777777777777
1975,107.0
1976,343.0
1977,353.46666666666664
1978,353.46666666666664
1979,353.46666666666664
1980,440.0
1981,712.5
1982,712.5
1983,521.125
1984,367.7391304347826
1985,258.5
1986,271.0
1987,149.0
1988,98.0
1989,128.0
1990,106.0
1991,66.0
1992,22.0
1993,22.0
1994,50.0
1995,91.0
1996,178.0
1997,288.0
1998,444.0
1999,546.1428571428571
2000,623.05
2001,623.05
2002,623.05
2003,623.05
2004,613.4285714285714
2005,115.0
2006,694.0
2007,442.55555555555554
2008,39.0
2009,185.0
2010,171.0
2011,239.0
2012,98.0
2013,128.0
2014,78.4
2015,66.0
2016,22.0
2017,22.0
2018,50.0
2019,60.0
2020,156.0
2021,222.0
2022,376.3333333333333
2023,376.3333333333333
2024,564.3333333333334
2025,564.3333333333334
2026,564.3333333333334
2027,564.3333333333334
2028,542.75
2029,635.5
2030,635.5
2031,339.0
2032,243.0
2033,205.42105263157896
2034,83.0
2035,90.22222222222223
2036,37.416666666666664
2037,16.304347826086957
2038,16.0
2039,5.558558558558558
2040,5.558558558558558
2041,34.5
2042,182.0
2043,484.0
2044,409.0
2045,299.6666666666667
2046,173.55
2047,209.64285714285714
2048,315.42857142857144
2049,315.42857142857144
2050,315.42857142857144
2051,315.42857142857144
2052,438.0
2053,769.3636363636364
2054,712.5
2055,521.125
2056,367.7391304347826
2057,205.42105263157896
2058,83.0
2059,90.22222222222223
2060,32.172413793103445
2061,15.545454545454545
2062,16.0
2063,5.558558558558558
2064,5.558558558558558
2065,34.5
2066,26.0
2067,418.0
2068,409.0
2069,330.65
2070,173.55
2071,209.64285714285714
2072,315.42857142857144
2073,315.42857142857144
2074,315.42857142857144
2075,315.42857142857144
2076,438.0
2077,111.0
2078,712.5
2079,521.125
2080,367.7391304347826
2081,258.5
2082,83.0
2083,90.22222222222223
2084,37.416666666666664
2085,15.545454545454545
2086,16.0
2087,5.558558558558558
2088,5.558558558558558
2089,34.5
2090,182.0
2091,418.0
2092,745.0
2093,330.65
2094,173.55
2095,209.64285714285714
2096,315.42857142857144
2097,315.42857142857144
2098,315.42857142857144
2099,315.42857142857144
2100,438.0
2101,712.5
2102,712.5
2103,521.125
2104,367.7391304347826
2105,258.5
2106,286.0
2107,166.0
2108,79.0
2109,22.318181818181817
2110,16.0
2111,5.558558558558558
2112,5.558558558558558
2113,34.5
2114,182.0
2115,484.0
2116,745.0
2117,330.65
2118,173.55
2119,209.64285714285714
2120,315.42857142857144
2121,315.42857142857144
2122,315.42857142857144
2123,315.42857142857144
2124,438.0
2125,769.3636363636364
2126,769.3636363636364
2127,521.125
2128,367.7391304347826
2129,258.5
2130,338.0
2131,166.0
2132,30.0
2133,38.0
2134,16.0
2135,3.130434782608696
2136,3.130434782608696
2137,34.5
2138,120.0
2139,390.0
2140,592.5
2141,268.0
2142,113.0
2143,113.0
2144,247.0
2145,247.0
2146,247.0
2147,247.0
2148,367.0
2149,412.88235294117646
2150,412.88235294117646
2151,226.0
2152,151.0
2153,152.0
2154,98.75
2155,61.0
2156,98.0
2157,107.0
2158,106.0
2159,66.0
2160,9.0
2161,1.0
2162,50.0
2163,71.0
2164,178.0
2165,288.0
2166,444.0
2167,546.1428571428571
2168,623.05
2169,623.05
2170,623.05
2171,623.05
2172,613.4285714285714
2173,635.5
2174,635.5
2175,521.125
2176,298.3333333333333
2177,258.5
2178,271.0
2179,239.0
2180,170.0
2181,128.0
2182,78.4
2183,66.0
2184,22.0
2185,22.0
2186,50.0
2187,60.0
2188,156.0
2189,222.0
2190,376.3333333333333
2191,376.3333333333333
2192,564.3333333333334
2193,564.3333333333334
2194,564.3333333333334
2195,564.3333333333334
2196,542.75
2197,530.2666666666667
2198,441.1666666666667
2199,366.2
2200,230.0
2201,154.71428571428572
2202,129.0
2203,90.22222222222223
2204,25.470588235294116
2205,13.263157894736842
2206,16.0
2207,5.558558558558558
2208,5.558558558558558
2209,34.5
2210,182.0
2211,418.0
2212,409.0
2213,299.6666666666667
2214,173.55
2215,209.64285714285714
2216,315.42857142857144
2217,315.42857142857144
2218,315.42857142857144
2219,315.42857142857144
2220,438.0
2221,712.5
2222,712.5
2223,442.55555555555554
2224,315.5
2225,185.5
2226,129.0
2227,90.22222222222223
2228,25.470588235294116
2229,13.263157894736842
2230,19.0
2231,5.558558558558558
2232,5.558558558558558
2233,34.5
2234,182.0
2235,484.0
2236,409.0
2237,330.65
2238,173.55
2239,209.64285714285714
2240,315.42857142857144
2241,315.42857142857144
2242,315.42857142857144
2243,315.42857142857144
2244,438.0
2245,712.5
2246,712.5
2247,304.0
2248,367.7391304347826
2249,258.5
2250,83.0
2251,90.22222222222223
2252,25.470588235294116
2253,16.304347826086957
2254,16.0
2255,5.558558558558558
2256,5.558558558558558
2257,34.5
2258,182.0
2259,484.0
2260,745.0
2261,330.65
2262,173.55
2263,209.64285714285714
2264,315.42857142857144
2265,315.42857142857144
2266,315.42857142857144
2267,315.42857142857144
2268,221.0
2269,221.0
2270,111.0
2271,296.0
2272,367.7391304347826
2273,258.5
2274,286.0
2275,166.0
2276,79.0
2277,22.318181818181817
2278,16.0
2279,5.558558558558558
2280,5.558558558558558
2281,34.5
2282,182.0
2283,418.0
2284,745.0
2285,330.65
2286,173.55
2287,209.64285714285714
2288,315.42857142857144
2289,315.42857142857144
2290,315.42857142857144
2291,315.42857142857144
2292,438.0
2293,712.5
2294,712.5
2295,521.125
2296,367.7391304347826
2297,258.5
2298,286.0
2299,104.0
2300,89.0
2301,50.0
2302,11.0
2303,14.0
2304,4.0
2305,34.5
2306,182.0
2307,418.0
2308,745.0
2309,300.42857142857144
2310,300.42857142857144
2311,300.42857142857144
2312,353.46666666666664
2313,353.46666666666664
2314,353.46666666666664
2315,353.46666666666664
2316,440.0
2317,712.5
2318,769.3636363636364
2319,442.55555555555554
2320,315.5
2321,258.5
2322,271.0
2323,239.0
2324,170.0
2325,128.0
2326,78.4
2327,66.0
2328,22.0
2329,22.0
2330,50.0
2331,71.0
2332,178.0
2333,288.0
2334,444.0
2335,546.1428571428571
2336,623.05
2337,623.05
2338,623.05
2339,623.05
2340,613.4285714285714
2341,530.2666666666667
2342,441.1666666666667
2343,442.55555555555554
2344,51.0
2345,258.5
2346,274.0
2347,256.0
2348,98.0
2349,107.0
2350,78.4
2351,66.0
2352,22.0
2353,22.0
2354,50.0
2355,60.0
2356,156.0
2357,222.0
2358,528.0
2359,528.0
2360,564.3333333333334
2361,564.3333333333334
2362,414.0
2363,196.0
2364,229.0
2365,530.2666666666667
2366,441.1666666666667
2367,366.2
2368,243.0
2369,154.71428571428572
2370,99.25
2371,90.22222222222223
2372,25.470588235294116
2373,16.304347826086957
2374,16.0
2375,5.558558558558558
2376,5.558558558558558
2377,34.5
2378,182.0
2379,484.0
2380,409.0
2381,299.6666666666667
2382,173.55
2383,209.64285714285714
2384,315.42857142857144
2385,315.42857142857144
2386,315.42857142857144
2387,315.42857142857144
2388,438.0
2389,712.5
2390,712.5
2391,521.125
2392,367.7391304347826
2393,154.71428571428572
2394,83.0
2395,90.22222222222223
2396,25.470588235294116
2397,15.545454545454545
2398,16.0
2399,5.558558558558558
2400,5.558558558558558
2401,34.5
2402,182.0
2403,418.0
2404,409.0
2405,330.65
2406,173.55
2407,209.64285714285714
2408,315.42857142857144
2409,315.42857142857144
2410,315.42857142857144
2411,315.42857142857144
2412,438.0
2413,712.5
2414,712.5
2415,521.125
2416,367.7391304347826
2417,258.5
2418,83.0
2419,90.22222222222223
2420,32.172413793103445
2421,13.263157894736842
2422,16.0
2423,5.558558558558558
2424,5.558558558558558
2425,34.5
2426,182.0
2427,484.0
2428,745.0
2429,330.65
2430,173.55
2431,209.64285714285714
2432,315.42857142857144
2433,315.42857142857144
2434,315.42857142857144
2435,315.42857142857144
2436,438.0
2437,712.5
2438,769.3636363636364
2439,521.125
2440,367.7391304347826
2441,258.5
2442,338.0
2443,166.0
2444,79.0
2445,22.318181818181817
2446,16.0
2447,5.558558558558558
2448,5.558558558558558
2449,34.5
2450,182.0
2451,484.0
2452,745.0
2453,330.65
2454,173.55
2455,209.64285714285714
2456,315.42857142857144
2457,315.42857142857144
2458,315.42857142857144
2459,315.42857142857144
2460,438.0
2461,712.5
2462,769.3636363636364
2463,521.125
2464,367.7391304347826
2465,258.5
2466,286.0
2467,166.0
2468,89.0
2469,35.0
2470,11.0
2471,14.0
2472,4.0
2473,34.5
2474,182.0
2475,418.0
2476,745.0
2477,303.0
2478,343.0
2479,300.42857142857144
2480,353.46666666666664
2481,353.46666666666664
2482,353.46666666666664
2483,353.46666666666664
2484,560.6666666666666
2485,769.3636363636364
2486,712.5
2487,521.125
2488,367.7391304347826
2489,258.5
2490,271.0
2491,239.0
2492,170.0
2493,128.0
2494,78.4
2495,66.0
2496,22.0
2497,22.0
2498,50.0
2499,71.0
2500,178.0
2501,288.0
2502,444.0
2503,546.1428571428571
2504,623.05
2505,623.05
2506,623.05
2507,623.05
2508,613.4285714285714
2509,635.5
2510,635.5
2511,115.0
2512,51.0
2513,40.0
2514,203.0
2515,256.0
2516,170.0
2517,107.0
2518,78.4
2519,66.0
2520,22.0
2521,22.0
2522,50.0
2523,60.0
2524,156.0
2525,222.0
2526,376.3333333333333
2527,376.3333333333333
2528,564.3333333333334
2529,564.3333333333334
2530,564.3333333333334
2531,564.3333333333334
2532,542.75
2533,635.5
2534,635.5
2535,339.0
2536,243.0
2537,154.71428571428572
2538,129.0
2539,71.0
2540,170.0
2541,107.0
2542,45.0
2543,16.0
2544,22.0
2545,22.0
2546,133.0
2547,387.0
2548,597.0
2549,597.0
2550,263.0
2551,263.0
2552,263.0
2553,263.0
2554,263.0
2555,275.0
2556,542.75
2557,635.5
2558,635.5
2559,521.125
2560,367.7391304347826
2561,154.71428571428572
2562,129.0
2563,90.22222222222223
2564,25.470588235294116
2565,15.545454545454545
2566,16.0
2567,5.558558558558558
2568,5.558558558558558
2569,34.5
2570,182.0
2571,418.0
2572,409.0
2573,330.65
2574,173.55
2575,209.64285714285714
2576,315.42857142857144
2577,315.42857142857144
2578,315.42857142857144
2579,315.42857142857144
2580,438.0
2581,712.5
2582,712.5
2583,521.125
2584,367.7391304347826
2585,258.5
2586,83.0
2587,90.22222222222223
2588,32.172413793103445
2589,15.545454545454545
2590,16.0
2591,5.558558558558558
2592,5.558558558558558
2593,34.5
2594,182.0
2595,418.0
2596,745.0
2597,330.65
2598,173.55
2599,209.64285714285714
2600,315.42857142857144
2601,315.42857142857144
2602,315.42857142857144
2603,315.42857142857144
2604,438.0
2605,712.5
2606,769.3636363636364
2607,521.125
2608,189.0
2609,258.5
2610,286.0
2611,166.0
2612,25.470588235294116
2613,22.318181818181817
2614,16.0
2615,5.558558558558558
2616,5.558558558558558
2617,34.5
2618,182.0
2619,418.0
2620,627.0
2621,107.0
2622,107.0
2623,171.0
2624,315.42857142857144
2625,315.42857142857144
2626,315.42857142857144
2627,315.42857142857144
2628,438.0
2629,712.5
2630,712.5
2631,521.125
2632,367.7391304347826
2633,185.0
2634,171.0
2635,166.0
2636,24.0
2637,48.0
2638,11.0
2639,14.0
2640,4.0
2641,34.5
2642,182.0
2643,484.0
2644,745.0
2645,303.0
2646,343.0
2647,343.0
2648,343.0
2649,343.0
2650,343.0
2651,353.46666666666664
2652,440.0
2653,712.5
2654,712.5
2655,521.125
2656,367.7391304347826
2657,258.5
2658,271.0
2659,256.0
2660,98.0
2661,107.0
2662,78.4
2663,66.0
2664,9.0
2665,1.0
2666,50.0
2667,71.0
2668,178.0
2669,288.0
2670,444.0
2671,546.1428571428571
2672,623.05
2673,623.05
2674,623.05
2675,196.0
2676,177.0
2677,115.0
2678,115.0
2679,115.0
2680,189.0
2681,258.5
2682,274.0
2683,239.0
2684,98.0
2685,128.0
2686,78.4
2687,66.0
2688,9.0
2689,13.0
2690,50.0
2691,60.0
2692,156.0
2693,222.0
2694,528.0
2695,376.3333333333333
2696,564.3333333333334
2697,564.3333333333334
2698,564.3333333333334
2699,564.3333333333334
2700,542.75
2701,530.2666666666667
2702,441.1666666666667
2703,339.0
2704,230.0
2705,205.42105263157896
2706,83.0
2707,90.22222222222223
2708,37.416666666666664
2709,13.263157894736842
2710,19.0
2711,5.558558558558558
2712,5.558558558558558
2713,34.5
2714,182.0
2715,484.0
2716,409.0
2717,299.6666666666667
2718,173.55
2719,209.64285714285714
2720,315.42857142857144
2721,315.42857142857144
2722,315.42857142857144
2723,315.42857142857144
2724,438.0
2725,712.5
2726,712.5
2727,521.125
2728,367.7391304347826
2729,205.42105263157896
2730,83.0
2731,90.22222222222223
2732,37.416666666666664
2733,16.304347826086957
2734,19.0
2735,5.558558558558558
2736,5.558558558558558
2737,34.5
2738,182.0
2739,484.0
2740,409.0
2741,330.65
2742,173.55
2743,209.64285714285714
2744,315.42857142857144
2745,315.42857142857144
2746,315.42857142857144
2747,315.42857142857144
2748,438.0
2749,769.3636363636364
2750,769.3636363636364
2751,521.125
2752,367.7391304347826
2753,258.5
2754,83.0
2755,90.22222222222223
2756,32.172413793103445
2757,16.304347826086957
2758,19.0
2759,5.558558558558558
2760,5.558558558558558
2761,34.5
2762,182.0
2763,484.0
2764,745.0
2765,330.65
2766,173.55
2767,209.64285714285714
2768,315.42857142857144
2769,315.42857142857144
2770,315.42857142857144
2771,315.42857142857144
2772,438.0
2773,712.5
2774,712.5
2775,521.125
2776,367.7391304347826
2777,258.5
2778,242.8
2779,166.0
2780,79.0
2781,22.318181818181817
2782,19.0
2783,5.558558558558558
2784,5.558558558558558
2785,34.5
2786,182.0
2787,484.0
2788,745.0
2789,330.65
2790,173.55
2791,209.64285714285714
2792,315.42857142857144
2793,315.42857142857144
2794,315.42857142857144
2795,315.42857142857144
2796,438.0
2797,769.3636363636364
2798,712.5
2799,521.125
2800,367.7391304347826
2801,258.5
2802,242.8
2803,166.0
2804,71.5
2805,48.0
2806,32.0
2807,14.0
2808,4.0
2809,34.5
2810,182.0
2811,418.0
2812,745.0
2813,303.0
2814,246.77777777777777
2815,246.77777777777777
2816,353.46666666666664
2817,353.46666666666664
2818,353.46666666666664
2819,353.46666666666664
2820,440.0
2821,769.3636363636364
2822,712.5
2823,521.125
2824,367.7391304347826
2825,258.5
2826,242.8
2827,239.0
2828,170.0
2829,128.0
2830,78.4
2831,66.0
2832,9.0
2833,1.0
2834,50.0
2835,71.0
2836,178.0
2837,288.0
2838,444.0
2839,546.1428571428571
2840,623.05
2841,623.05
2842,623.05
2843,623.05
2844,613.4285714285714
2845,530.2666666666667
2846,441.1666666666667
2847,521.125
2848,298.3333333333333
2849,258.5
2850,274.0
2851,239.0
2852,170.0
2853,104.0
2854,78.4
2855,66.0
2856,13.0
2857,13.0
2858,50.0
2859,60.0
2860,156.0
2861,222.0
2862,376.3333333333333
2863,376.3333333333333
2864,564.3333333333334
2865,564.3333333333334
2866,564.3333333333334
2867,564.3333333333334
2868,542.75
2869,530.2666666666667
2870,441.1666666666667
2871,339.0
2872,243.0
2873,205.42105263157896
2874,83.0
2875,90.22222222222223
2876,32.172413793103445
2877,16.304347826086957
2878,19.0
2879,5.558558558558558
2880,5.558558558558558
2881,34.5
2882,182.0
2883,484.0
2884,409.0
2885,299.6666666666667
2886,173.55
2887,209.64285714285714
2888,315.42857142857144
2889,315.42857142857144
2890,315.42857142857144
2891,315.42857142857144
2892,438.0
2893,712.5
2894,769.3636363636364
2895,442.55555555555554
2896,315.5
2897,154.71428571428572
2898,129.0
2899,71.0
2900,8.0
2901,4.666666666666667
2902,6.0
2903,5.558558558558558
2904,5.558558558558558
2905,34.5
2906,182.0
2907,418.0
2908,409.0
2909,400.0
2910,239.0
2911,209.64285714285714
2912,239.0
2913,315.42857142857144
2914,239.0
2915,239.0
2916,229.0
2917,229.0
2918,769.3636363636364
2919,442.55555555555554
2920,189.0
2921,99.25
2922,129.0
2923,90.22222222222223
2924,32.172413793103445
2925,13.263157894736842
2926,19.0
2927,5.558558558558558
2928,5.558558558558558
2929,34.5
2930,182.0
2931,484.0
2932,745.0
2933,330.65
2934,173.55
2935,209.64285714285714
2936,315.42857142857144
2937,315.42857142857144
2938,315.42857142857144
2939,315.42857142857144
2940,438.0
2941,712.5
2942,712.5
2943,521.125
2944,367.7391304347826
2945,228.0
2946,179.5
2947,166.0
2948,40.4
2949,22.318181818181817
2950,19.0
2951,5.558558558558558
2952,5.558558558558558
2953,34.5
2954,182.0
2955,484.0
2956,745.0
2957,330.65
2958,173.55
2959,209.64285714285714
2960,315.42857142857144
2961,315.42857142857144
2962,315.42857142857144
2963,315.42857142857144
2964,438.0
2965,712.5
2966,712.5
2967,521.125
2968,367.7391304347826
2969,258.5
2970,242.8
2971,166.0
2972,71.5
2973,50.0
2974,32.0
2975,14.0
2976,4.0
2977,34.5
2978,182.0
2979,484.0
2980,745.0
2981,303.0
2982,246.77777777777777
2983,300.42857142857144
2984,353.46666666666664
2985,353.46666666666664
2986,353.46666666666664
2987,353.46666666666664
2988,440.0
2989,712.5
2990,712.5
2991,521.125
2992,367.7391304347826
2993,258.5
2994,242.8
2995,149.0
2996,98.0
2997,107.0
2998,78.4
2999,66.0
3000,9.0
3001,1.0
3002,50.0
3003,71.0
3004,178.0
3005,288.0
3006,444.0
3007,546.1428571428571
3008,623.05
3009,623.05
3010,623.05
3011,623.05
3012,613.4285714285714
3013,694.0
3014,694.0
3015,521.125
3016,298.3333333333333
3017,258.5
3018,271.0
3019,239.0
3020,98.0
3021,31.0
3022,78.4
3023,32.25
3024,9.0
3025,1.0
3026,50.0
3027,60.0
3028,156.0
3029,191.0
3030,376.3333333333333
3031,376.3333333333333
3032,564.3333333333334
3033,564.3333333333334
3034,564.3333333333334
3035,564.3333333333334
3036,542.75
3037,530.2666666666667
3038,441.1666666666667
3039,366.2
3040,243.0
3041,205.42105263157896
3042,83.0
3043,90.22222222222223
3044,37.416666666666664
3045,13.263157894736842
3046,19.0
3047,5.558558558558558
3048,5.558558558558558
3049,34.5
3050,182.0
3051,484.0
3052,409.0
3053,299.6666666666667
3054,173.55
3055,209.64285714285714
3056,315.42857142857144
3057,315.42857142857144
3058,315.42857142857144
3059,315.42857142857144
3060,438.0
3061,769.3636363636364
3062,663.1904761904761
3063,453.85714285714283
3064,367.7391304347826
3065,187.0
3066,108.0
3067,82.0
3068,37.416666666666664
3069,13.263157894736842
3070,19.0
3071,5.558558558558558
3072,5.558558558558558
3073,34.5
3074,182.0
3075,484.0
3076,409.0
3077,330.65
3078,173.55
3079,209.64285714285714
3080,315.42857142857144
3081,315.42857142857144
3082,315.42857142857144
3083,315.42857142857144
3084,438.0
3085,712.5
3086,712.5
3087,521.125
3088,367.7391304347826
3089,258.5
3090,83.0
3091,90.22222222222223
3092,37.416666666666664
3093,13.263157894736842
3094,19.0
3095,5.558558558558558
3096,5.558558558558558
3097,34.5
3098,182.0
3099,484.0
3100,745.0
3101,330.65
3102,173.55
3103,209.64285714285714
3104,315.42857142857144
3105,315.42857142857144
3106,315.42857142857144
3107,315.42857142857144
3108,438.0
3109,712.5
3110,712.5
3111,521.125
3112,367.7391304347826
3113,258.5
3114,286.0
3115,98.0
3116,79.0
3117,22.318181818181817
3118,16.0
3119,5.558558558558558
3120,5.558558558558558
3121,34.5
3122,182.0
3123,484.0
3124,745.0
3125,330.65
3126,173.55
3127,209.64285714285714
3128,315.42857142857144
3129,315.42857142857144
3130,315.42857142857144
3131,315.42857142857144
3132,438.0
3133,712.5
3134,712.5
3135,521.125
3136,315.5
3137,109.0
3138,242.8
3139,71.0
3140,16.0
3141,50.0
3142,11.0
3143,14.0
3144,4.0
3145,34.5
3146,182.0
3147,418.0
3148,745.0
3149,303.0
3150,246.77777777777777
3151,246.77777777777777
3152,353.46666666666664
3153,353.46666666666664
3154,353.46666666666664
3155,353.46666666666664
3156,440.0
3157,712.5
3158,712.5
3159,221.0
3160,111.0
3161,109.0
3162,242.8
3163,239.0
3164,98.0
3165,88.0
3166,78.4
3167,66.0
3168,9.0
3169,13.0
3170,50.0
3171,71.0
3172,178.0
3173,333.0
3174,444.0
3175,546.1428571428571
3176,623.05
3177,623.05
3178,623.05
3179,623.05
3180,613.4285714285714
3181,530.2666666666667
3182,441.1666666666667
3183,453.85714285714283
3184,298.3333333333333
3185,258.5
3186,179.5
3187,239.0
3188,170.0
3189,104.0
3190,62.5
3191,32.25
3192,13.0
3193,6.5
3194,50.0
3195,60.0
3196,156.0
3197,191.0
3198,376.3333333333333
3199,376.3333333333333
3200,564.3333333333334
3201,564.3333333333334
3202,564.3333333333334
3203,564.3333333333334
3204,542.75
3205,530.2666666666667
3206,441.1666666666667
3207,98.0
3208,111.0
3209,189.0
3210,108.0
3211,82.0
3212,32.172413793103445
3213,16.304347826086957
3214,19.0
3215,5.558558558558558
3216,5.558558558558558
3217,34.5
3218,182.0
3219,484.0
3220,409.0
3221,299.6666666666667
3222,173.55
3223,209.64285714285714
3224,315.42857142857144
3225,315.42857142857144
3226,315.42857142857144
3227,315.42857142857144
3228,438.0
3229,111.0
3230,111.0
3231,442.55555555555554
3232,111.0
3233,154.71428571428572
3234,129.0
3235,45.0
3236,32.172413793103445
3237,16.304347826086957
3238,19.0
3239,5.558558558558558
3240,5.558558558558558
3241,34.5
3242,26.0
3243,92.0
3244,156.0
3245,239.0
3246,239.0
3247,239.0
3248,315.42857142857144
3249,315.42857142857144
3250,239.0
3251,239.0
3252,229.0
3253,229.0
3254,229.0
3255,129.0
3256,111.0
3257,77.0
3258,99.25
3259,90.22222222222223
3260,8.0
3261,12.75
3262,19.0
3263,5.558558558558558
3264,5.558558558558558
3265,38.0
3266,182.0
3267,418.0
3268,745.0
3269,330.65
3270,173.55
3271,209.64285714285714
3272,315.42857142857144
3273,315.42857142857144
3274,315.42857142857144
3275,315.42857142857144
3276,438.0
3277,769.3636363636364
3278,769.3636363636364
3279,521.125
3280,367.7391304347826
3281,258.5
3282,286.0
3283,104.0
3284,25.0
3285,12.75
3286,16.0
3287,5.558558558558558
3288,5.558558558558558
3289,3.0
3290,52.0
3291,418.0
3292,745.0
3293,330.65
3294,173.55
3295,209.64285714285714
3296,315.42857142857144
3297,315.42857142857144
3298,315.42857142857144
3299,315.42857142857144
3300,438.0
3301,712.5
3302,769.3636363636364
3303,521.125
3304,367.7391304347826
3305,258.5
3306,338.0
3307,166.0
3308,71.5
3309,49.0
3310,32.0
3311,14.0
3312,4.0
3313,34.5
3314,182.0
3315,484.0
3316,745.0
3317,303.0
3318,300.42857142857144
3319,300.42857142857144
3320,353.46666666666664
3321,353.46666666666664
3322,353.46666666666664
3323,353.46666666666664
3324,560.6666666666666
3325,769.3636363636364
3326,769.3636363636364
3327,521.125
3328,367.7391304347826
3329,258.5
3330,242.8
3331,239.0
3332,98.0
3333,107.0
3334,78.4
3335,66.0
3336,9.0
3337,9.0
3338,50.0
3339,71.0
3340,178.0
3341,288.0
3342,444.0
3343,546.1428571428571
3344,623.05
3345,623.05
3346,623.05
3347,623.05
3348,358.0
3349,530.2666666666667
3350,441.1666666666667
3351,453.85714285714283
3352,281.8
3353,187.0
3354,179.5
3355,239.0
3356,93.33333333333333
3357,74.75
3358,62.5
3359,32.25
3360,6.5
3361,6.5
3362,50.0
3363,60.0
3364,156.0
3365,185.0
3366,376.3333333333333
3367,376.3333333333333
3368,457.6666666666667
3369,457.6666666666667
3370,457.6666666666667
3371,408.0
3372,90.0
3373,90.0
3374,90.0
3375,166.2
3376,208.0
3377,11.0
3378,45.0
3379,52.0
3380,93.33333333333333
3381,23.0
3382,20.0
3383,31.5
3384,5.0
3385,1.6666666666666667
3386,133.0
3387,52.5
3388,160.0
3389,185.0
3390,323.25
3391,323.25
3392,251.0
3393,251.0
3394,251.0
3395,251.0
3396,111.0
3397,530.2666666666667
3398,441.1666666666667
3399,28.0
3400,208.0
3401,143.0
3402,22.0
3403,17.0
3404,13.0
3405,2.0
3406,3.25
3407,1.0
3408,4.090909090909091
3409,34.5
3410,120.0
3411,389.0
3412,409.0
3413,330.65
3414,173.55
3415,209.64285714285714
3416,315.42857142857144
3417,315.42857142857144
3418,315.42857142857144
3419,315.42857142857144
3420,329.0
3421,663.1904761904761
3422,663.1904761904761
3423,442.55555555555554
3424,281.8
3425,187.0
3426,179.5
3427,82.0
3428,25.470588235294116
3429,16.304347826086957
3430,19.0
3431,5.558558558558558
3432,5.558558558558558
3433,34.5
3434,182.0
3435,484.0
3436,745.0
3437,330.65
3438,173.55
3439,209.64285714285714
3440,315.42857142857144
3441,315.42857142857144
3442,315.42857142857144
3443,315.42857142857144
3444,438.0
3445,712.5
3446,769.3636363636364
3447,442.55555555555554
3448,367.7391304347826
3449,228.0
3450,110.0
3451,94.0
3452,40.4
3453,22.318181818181817
3454,19.0
3455,5.558558558558558
3456,5.558558558558558
3457,34.5
3458,120.0
3459,349.0
3460,613.0
3461,305.6
3462,173.55
3463,209.64285714285714
3464,315.42857142857144
3465,315.42857142857144
3466,315.42857142857144
3467,315.42857142857144
3468,329.0
3469,663.1904761904761
3470,663.1904761904761
3471,453.85714285714283
3472,281.8
3473,187.0
3474,83.0
3475,94.0
3476,61.0
3477,49.0
3478,32.0
3479,2.769230769230769
3480,4.090909090909091
3481,34.5
3482,120.0
3483,389.0
3484,745.0
3485,300.42857142857144
3486,300.42857142857144
3487,300.42857142857144
3488,353.46666666666664
3489,353.46666666666664
3490,353.46666666666664
3491,353.46666666666664
3492,343.0
3493,663.1904761904761
3494,663.1904761904761
3495,453.85714285714283
3496,281.8
3497,131.5
3498,83.0
3499,82.16666666666667
3500,55.31578947368421
3501,55.31578947368421
3502,52.833333333333336
3503,31.5
3504,1.6666666666666667
3505,1.6666666666666667
3506,50.0
3507,52.5
3508,160.0
3509,214.0
3510,342.9166666666667
3511,546.1428571428571
3512,457.6666666666667
3513,623.05
3514,623.05
3515,623.05
3516,511.75
3517,530.2666666666667
3518,441.1666666666667
3519,453.85714285714283
3520,208.0
3521,143.0
3522,83.0
3523,91.0
3524,93.33333333333333
3525,35.0
3526,35.5
3527,32.25
3528,6.5
3529,6.5
3530,50.0
3531,60.0
3532,156.0
3533,191.0
3534,376.3333333333333
3535,528.0
3536,564.3333333333334
3537,564.3333333333334
3538,564.3333333333334
3539,564.3333333333334
3540,542.75
3541,530.2666666666667
3542,441.1666666666667
3543,366.2
3544,230.0
3545,95.0
3546,83.0
3547,90.22222222222223
3548,32.172413793103445
3549,13.263157894736842
3550,19.0
3551,5.558558558558558
3552,5.558558558558558
3553,34.5
3554,182.0
3555,418.0
3556,409.0
3557,239.0
3558,173.55
3559,209.64285714285714
3560,239.0
3561,315.42857142857144
3562,315.42857142857144
3563,315.42857142857144
3564,438.0
3565,712.5
3566,229.0
3567,98.0
3568,315.5
3569,205.42105263157896
3570,108.0
3571,82.0
3572,37.416666666666664
3573,13.263157894736842
3574,19.0
3575,5.558558558558558
3576,5.558558558558558
3577,34.5
3578,182.0
3579,351.0
3580,409.0
3581,330.65
3582,173.55
3583,209.64285714285714
3584,315.42857142857144
3585,315.42857142857144
3586,315.42857142857144
3587,315.42857142857144
3588,438.0
3589,663.1904761904761
3590,663.1904761904761
3591,453.85714285714283
3592,281.8
3593,189.0
3594,83.0
3595,57.0
3596,13.0
3597,16.304347826086957
3598,19.0
3599,2.769230769230769
3600,4.090909090909091
3601,34.5
3602,120.0
3603,389.0
3604,656.6666666666666
3605,330.65
3606,173.55
3607,209.64285714285714
3608,315.42857142857144
3609,315.42857142857144
3610,315.42857142857144
3611,315.42857142857144
3612,438.0
3613,663.1904761904761
3614,663.1904761904761
3615,453.85714285714283
3616,281.8
3617,228.0
3618,123.0
3619,166.0
3620,25.470588235294116
3621,22.318181818181817
3622,19.0
3623,5.558558558558558
3624,5.558558558558558
3625,34.5
3626,182.0
3627,484.0
3628,745.0
3629,330.65
3630,173.55
3631,209.64285714285714
3632,315.42857142857144
3633,315.42857142857144
3634,315.42857142857144
3635,315.42857142857144
3636,438.0
3637,712.5
3638,712.5
3639,442.55555555555554
3640,315.5
3641,258.5
3642,242.8
3643,104.0
3644,71.5
3645,50.0
3646,32.0
3647,14.0
3648,4.0
3649,34.5
3650,94.0
3651,225.0
3652,745.0
3653,369.5
3654,246.77777777777777
3655,246.77777777777777
3656,246.77777777777777
3657,246.77777777777777
3658,246.77777777777777
3659,246.77777777777777
3660,111.0
3661,111.0
3662,769.3636363636364
3663,521.125
3664,367.7391304347826
3665,189.0
3666,179.5
3667,256.0
3668,98.0
3669,104.0
3670,62.5
3671,31.5
3672,10.75
3673,10.75
3674,50.0
3675,41.5
3676,178.0
3677,333.0
3678,444.0
3679,546.1428571428571
3680,623.05
3681,623.05
3682,623.05
3683,623.05
3684,613.4285714285714
3685,530.2666666666667
3686,441.1666666666667
3687,453.85714285714283
3688,281.8
3689,228.0
3690,179.5
3691,239.0
3692,93.33333333333333
3693,74.75
3694,35.5
3695,32.25
3696,6.5
3697,6.5
3698,50.0
3699,52.5
3700,156.0
3701,191.0
3702,528.0
3703,528.0
3704,564.3333333333334
3705,564.3333333333334
3706,564.3333333333334
3707,564.3333333333334
3708,542.75
3709,530.2666666666667
3710,441.1666666666667
3711,366.2
3712,230.0
3713,207.0
3714,108.0
3715,82.0
3716,37.416666666666664
3717,16.304347826086957
3718,19.0
3719,5.558558558558558
3720,5.558558558558558
3721,34.5
3722,120.0
3723,389.0
3724,409.0
3725,299.6666666666667
3726,173.55
3727,209.64285714285714
3728,315.42857142857144
3729,315.42857142857144
3730,315.42857142857144
3731,315.42857142857144
3732,438.0
3733,769.3636363636364
3734,663.1904761904761
3735,453.85714285714283
3736,281.8
3737,189.0
3738,108.0
3739,50.0
3740,25.470588235294116
3741,13.263157894736842
3742,19.0
3743,5.558558558558558
3744,5.558558558558558
3745,34.5
3746,182.0
3747,418.0
3748,409.0
3749,330.65
3750,173.55
3751,209.64285714285714
3752,315.42857142857144
3753,315.42857142857144
3754,315.42857142857144
3755,315.42857142857144
3756,438.0
3757,769.3636363636364
3758,769.3636363636364
3759,521.125
3760,367.7391304347826
3761,258.5
3762,83.0
3763,90.22222222222223
3764,32.172413793103445
3765,16.304347826086957
3766,19.0
3767,5.558558558558558
3768,5.558558558558558
3769,34.5
3770,182.0
3771,484.0
3772,745.0
3773,330.65
3774,173.55
3775,209.64285714285714
3776,315.42857142857144
3777,315.42857142857144
3778,315.42857142857144
3779,315.42857142857144
3780,438.0
3781,769.3636363636364
3782,769.3636363636364
3783,442.55555555555554
3784,315.5
3785,258.5
3786,286.0
3787,104.0
3788,79.0
3789,22.318181818181817
3790,19.0
3791,5.558558558558558
3792,5.558558558558558
3793,34.5
3794,182.0
3795,418.0
3796,745.0
3797,330.65
3798,173.55
3799,209.64285714285714
3800,315.42857142857144
3801,315.42857142857144
3802,315.42857142857144
3803,315.42857142857144
3804,438.0
3805,769.3636363636364
3806,769.3636363636364
3807,521.125
3808,189.0
3809,141.0
3810,242.8
3811,104.0
3812,71.5
3813,49.0
3814,32.0
3815,14.0
3816,4.0
3817,34.5
3818,182.0
3819,418.0
3820,745.0
3821,369.5
3822,246.77777777777777
3823,246.77777777777777
3824,246.77777777777777
3825,246.77777777777777
3826,246.77777777777777
3827,246.77777777777777
3828,451.5
3829,769.3636363636364
3830,769.3636363636364
3831,442.55555555555554
3832,315.5
3833,258.5
3834,242.8
3835,256.0
3836,98.0
3837,104.0
3838,62.5
3839,66.0
3840,13.0
3841,13.0
3842,50.0
3843,71.0
3844,178.0
3845,333.0
3846,444.0
3847,546.1428571428571
3848,623.05
3849,623.05
3850,623.05
3851,623.05
3852,613.4285714285714
3853,530.2666666666667
3854,441.1666666666667
3855,442.55555555555554
3856,315.5
3857,258.5
3858,274.0
3859,149.0
3860,98.0
3861,88.0
3862,62.5
3863,66.0
3864,9.0
3865,1.0
3866,50.0
3867,60.0
3868,156.0
3869,191.0
3870,528.0
3871,528.0
3872,564.3333333333334
3873,564.3333333333334
3874,564.3333333333334
3875,564.3333333333334
3876,111.0
3877,229.0
3878,229.0
3879,98.0
3880,39.0
3881,155.0
3882,39.0
3883,71.0
3884,25.0
3885,146.0
3886,146.0
3887,146.0
3888,97.4
3889,253.0
3890,253.0
3891,442.55555555555554
3892,205.0
3893,152.0
3894,83.0
3895,50.92857142857143
3896,27.166666666666668
3897,20.5
3898,2.25
3899,2.769230769230769
3900,4.090909090909091
3901,34.5
3902,120.0
3903,390.0
3904,656.6666666666666
3905,268.0
3906,133.9367088607595
3907,133.9367088607595
3908,133.9367088607595
3909,315.42857142857144
3910,315.42857142857144
3911,315.42857142857144
3912,235.0
3913,606.0
3914,606.0
3915,389.5
3916,205.0
3917,152.0
3918,83.0
3919,57.0
3920,27.166666666666668
3921,11.5
3922,4.333333333333333
3923,2.769230769230769
3924,4.090909090909091
3925,34.5
3926,120.0
3927,349.0
3928,613.0
3929,268.0
3930,146.0
3931,146.0
3932,146.0
3933,133.9367088607595
3934,133.9367088607595
3935,133.9367088607595
3936,214.6
3937,585.0
3938,606.0
3939,389.5
3940,223.0
3941,152.0
3942,83.0
3943,82.16666666666667
3944,46.0
3945,38.0
3946,5.25
3947,2.769230769230769
3948,4.090909090909091
3949,34.5
3950,120.0
3951,390.0
3952,592.5
3953,268.0
3954,139.0
3955,300.42857142857144
3956,353.46666666666664
3957,247.0
3958,247.0
3959,247.0
3960,367.0
3961,412.88235294117646
3962,412.88235294117646
3963,291.7857142857143
3964,171.0
3965,152.0
3966,83.0
3967,92.0
3968,55.31578947368421
3969,55.31578947368421
3970,38.666666666666664
3971,26.0
3972,1.6666666666666667
3973,1.6666666666666667
3974,50.0
3975,52.5
3976,160.0
3977,276.0
3978,342.9166666666667
3979,342.9166666666667
3980,313.14285714285717
3981,342.9166666666667
3982,342.9166666666667
3983,313.14285714285717
3984,342.9166666666667
3985,248.25
3986,217.2
3987,217.2
3988,108.0
3989,92.5
3990,83.0
3991,82.16666666666667
3992,55.31578947368421
3993,55.31578947368421
3994,80.5
3995,66.0
3996,5.0
3997,5.0
3998,50.0
3999,52.5
4000,160.0
4001,185.0
4002,342.9166666666667
4003,342.9166666666667
4004,342.9166666666667
4005,342.9166666666667
4006,342.9166666666667
4007,342.9166666666667
4008,342.9166666666667
4009,248.25
4010,217.2
4011,217.2
4012,63.0
4013,92.5
4014,28.0
4015,64.0
4016,22.0
4017,20.5
4018,4.333333333333333
4019,7.0
4020,6.0
4021,34.5
4022,120.0
4023,349.0
4024,613.0
4025,305.6
4026,133.9367088607595
4027,133.9367088607595
4028,133.9367088607595
4029,133.9367088607595
4030,133.9367088607595
4031,133.9367088607595
4032,214.6
4033,412.88235294117646
4034,412.88235294117646
4035,291.7857142857143
4036,223.0
4037,159.22222222222223
4038,98.75
4039,50.92857142857143
4040,22.0
4041,6.25
4042,4.333333333333333
4043,2.769230769230769
4044,4.090909090909091
4045,34.5
4046,120.0
4047,390.0
4048,656.6666666666666
4049,268.0
4050,133.9367088607595
4051,133.9367088607595
4052,133.9367088607595
4053,133.9367088607595
4054,133.9367088607595
4055,133.9367088607595
4056,214.6
4057,412.88235294117646
4058,412.88235294117646
4059,291.7857142857143
4060,205.0
4061,152.0
4062,98.75
4063,50.92857142857143
4064,27.166666666666668
4065,11.0
4066,4.333333333333333
4067,1.0
4068,1.0
4069,34.5
4070,120.0
4071,349.0
4072,613.0
4073,305.6
4074,133.9367088607595
4075,133.9367088607595
4076,133.9367088607595
4077,133.9367088607595
4078,133.9367088607595
4079,133.9367088607595
4080,214.6
4081,412.88235294117646
4082,412.88235294117646
4083,226.0
4084,223.0
4085,152.0
4086,98.75
4087,9.0
4088,3.0
4089,11.0
4090,3.4545454545454546
4091,1.0
4092,34.5
4093,126.0
4094,349.0
4095,613.0
4096,376.0
4097,133.9367088607595
4098,133.9367088607595
4099,133.9367088607595
4100,315.42857142857144
4101,315.42857142857144
4102,315.42857142857144
4103,235.0
4104,606.0
4105,606.0
4106,291.7857142857143
4107,223.0
4108,159.22222222222223
4109,83.0
4110,92.0
4111,46.0
4112,38.0
4113,5.25
4114,1.0
4115,1.0
4116,34.5
4117,120.0
4118,390.0
4119,592.5
4120,305.6
4121,138.625
4122,139.0
4123,353.46666666666664
4124,353.46666666666664
4125,353.46666666666664
4126,353.46666666666664
4127,343.0
4128,663.1904761904761
4129,663.1904761904761
4130,291.7857142857143
4131,151.0
4132,220.0
4133,83.0
4134,89.5
4135,55.31578947368421
4136,55.31578947368421
4137,38.0
4138,31.5
4139,5.0
4140,5.0
4141,50.0
4142,27.0
4143,160.0
4144,223.0
4145,323.25
4146,323.25
4147,623.05
4148,623.05
4149,623.05
4150,623.05
4151,613.4285714285714
4152,530.2666666666667
4153,441.1666666666667
4154,453.85714285714283
4155,281.8
4156,143.0
4157,83.0
4158,85.0
4159,55.31578947368421
4160,55.31578947368421
4161,80.5
4162,46.5
4163,5.0
4164,5.0
4165,50.0
4166,27.0
4167,160.0
4168,185.0
4169,323.25
4170,376.3333333333333
4171,564.3333333333334
4172,564.3333333333334
4173,564.3333333333334
4174,564.3333333333334
4175,542.75
4176,530.2666666666667
4177,441.1666666666667
4178,366.2
4179,243.0
4180,207.0
4181,108.0
4182,82.0
4183,93.33333333333333
4184,70.0
4185,20.0
4186,31.5
4187,6.5
4188,6.5
4189,133.0
4190,41.5
4191,387.0
4192,297.0
4193,251.0
4194,251.0
4195,251.0
4196,251.0
4197,251.0
4198,251.0
4199,542.75
4200,530.2666666666667
4201,441.1666666666667
4202,521.125
4203,315.5
4204,154.71428571428572
4205,83.0
4206,90.22222222222223
4207,25.470588235294116
4208,13.263157894736842
4209,3.25
4210,1.0
4211,1.0
4212,34.5
4213,120.0
4214,390.0
4215,656.6666666666666
4216,305.6
4217,146.0
4218,133.9367088607595
4219,133.9367088607595
4220,133.9367088607595
4221,133.9367088607595
4222,133.9367088607595
4223,214.6
4224,412.88235294117646
4225,412.88235294117646
4226,291.7857142857143
4227,179.0
4228,159.22222222222223
4229,78.0
4230,32.0
4231,13.5
4232,3.0
4233,4.333333333333333
4234,7.0
4235,4.090909090909091
4236,34.5
4237,120.0
4238,390.0
4239,613.0
4240,305.6
4241,133.9367088607595
4242,133.9367088607595
4243,133.9367088607595
4244,133.9367088607595
4245,133.9367088607595
4246,133.9367088607595
4247,214.6
4248,412.88235294117646
4249,412.88235294117646
4250,291.7857142857143
4251,205.0
4252,159.22222222222223
4253,83.0
4254,50.92857142857143
4255,27.166666666666668
4256,11.0
4257,4.333333333333333
4258,2.769230769230769
4259,4.090909090909091
4260,34.5
4261,120.0
4262,390.0
4263,613.0
4264,268.0
4265,133.9367088607595
4266,133.9367088607595
4267,133.9367088607595
4268,133.9367088607595
4269,133.9367088607595
4270,133.9367088607595
4271,214.6
4272,412.88235294117646
4273,412.88235294117646
4274,291.7857142857143
4275,205.0
4276,152.0
4277,83.0
4278,82.16666666666667
4279,46.0
4280,38.0
4281,5.25
4282,2.769230769230769
4283,4.090909090909091
4284,34.5
4285,120.0
4286,390.0
4287,592.5
4288,268.0
4289,138.625
4290,191.83333333333334
4291,247.0
4292,353.46666666666664
4293,353.46666666666664
4294,353.46666666666664
4295,343.0
4296,412.88235294117646
4297,412.88235294117646
4298,291.7857142857143
4299,171.0
4300,141.0
4301,83.0
4302,82.16666666666667
4303,55.31578947368421
4304,55.31578947368421
4305,52.833333333333336
4306,31.5
4307,1.6666666666666667
4308,1.6666666666666667
4309,50.0
4310,52.5
4311,160.0
4312,276.0
4313,342.9166666666667
4314,342.9166666666667
4315,342.9166666666667
4316,457.6666666666667
4317,457.6666666666667
4318,408.0
4319,342.9166666666667
4320,248.25
4321,217.2
4322,217.2
4323,108.0
4324,75.0
4325,83.0
4326,85.0
4327,55.31578947368421
4328,55.31578947368421
4329,80.5
4330,66.0
4331,1.6666666666666667
4332,5.0
4333,50.0
4334,27.0
4335,160.0
4336,276.0
4337,265.5263157894737
4338,323.25
4339,323.25
4340,323.25
4341,323.25
4342,408.0
4343,323.25
4344,323.25
4345,166.2
4346,166.2
4347,95.93333333333334
4348,92.5
4349,83.0
4350,17.0
4351,13.0
4352,7.5
4353,4.333333333333333
4354,7.0
4355,6.0
4356,34.5
4357,120.0
4358,390.0
4359,656.6666666666666
4360,305.6
4361,133.9367088607595
4362,133.9367088607595
4363,133.9367088607595
4364,315.42857142857144
4365,315.42857142857144
4366,315.42857142857144
4367,235.0
4368,663.1904761904761
4369,606.0
4370,389.5
4371,223.0
4372,152.0
4373,83.0
4374,57.0
4375,13.0
4376,7.5
4377,2.25
4378,2.769230769230769
4379,4.090909090909091
4380,34.5
4381,120.0
4382,390.0
4383,656.6666666666666
4384,268.0
4385,133.9367088607595
4386,209.64285714285714
4387,315.42857142857144
4388,315.42857142857144
4389,315.42857142857144
4390,315.42857142857144
4391,235.0
4392,606.0
4393,606.0
4394,389.5
4395,205.0
4396,220.0
4397,83.0
4398,57.0
4399,27.166666666666668
4400,7.5
4401,2.25
4402,2.769230769230769
4403,4.090909090909091
4404,34.5
4405,120.0
4406,390.0
4407,656.6666666666666
4408,268.0
4409,133.9367088607595
4410,133.9367088607595
4411,315.42857142857144
4412,315.42857142857144
4413,315.42857142857144
4414,315.42857142857144
4415,329.0
4416,606.0
4417,663.1904761904761
4418,291.7857142857143
4419,205.0
4420,188.0
4421,83.0
4422,57.0
4423,41.0
4424,20.0
4425,22.0
4426,31.5
4427,5.0
4428,5.0
4429,133.0
4430,52.5
4431,160.0
4432,214.0
4433,323.25
4434,251.0
4435,251.0
4436,251.0
4437,251.0
4438,251.0
4439,376.0
4440,530.2666666666667
4441,28.0
4442,28.0
4443,31.0
4444,92.5
4445,22.0
4446,89.5
4447,46.0
4448,38.0
4449,12.0
4450,2.769230769230769
4451,4.090909090909091
4452,34.5
4453,120.0
4454,390.0
4455,592.5
4456,268.0
4457,138.625
4458,191.83333333333334
4459,353.46666666666664
4460,353.46666666666664
4461,353.46666666666664
4462,353.46666666666664
4463,343.0
4464,663.1904761904761
4465,663.1904761904761
4466,442.55555555555554
4467,281.8
4468,228.0
4469,110.0
4470,113.0
4471,44.0
4472,55.31578947368421
4473,38.666666666666664
4474,26.0
4475,1.0
4476,1.6666666666666667
4477,50.0
4478,52.5
4479,160.0
4480,276.0
4481,213.82142857142858
4482,213.82142857142858
4483,213.82142857142858
4484,265.5263157894737
4485,265.5263157894737
4486,213.82142857142858
4487,213.82142857142858
4488,213.82142857142858
4489,127.125
4490,153.6
4491,108.0
4492,92.5
4493,78.0
4494,87.0
4495,55.31578947368421
4496,55.31578947368421
4497,27.0
4498,66.0
4499,5.0
4500,1.6666666666666667
4501,50.0
4502,52.5
4503,160.0
4504,276.0
4505,213.82142857142858
4506,213.82142857142858
4507,213.82142857142858
4508,213.82142857142858
4509,265.5263157894737
4510,265.5263157894737
4511,265.5263157894737
4512,213.82142857142858
4513,153.6
4514,153.6
4515,95.93333333333334
4516,92.5
4517,55.0
4518,64.0
4519,22.0
4520,6.25
4521,4.333333333333333
4522,2.769230769230769
4523,4.090909090909091
4524,34.5
4525,120.0
4526,390.0
4527,656.6666666666666
4528,268.0
4529,133.9367088607595
4530,133.9367088607595
4531,315.42857142857144
4532,315.42857142857144
4533,315.42857142857144
4534,315.42857142857144
4535,329.0
4536,663.1904761904761
4537,412.88235294117646
4538,291.7857142857143
4539,205.0
4540,188.0
4541,83.0
4542,57.0
4543,13.0
4544,7.5
4545,4.333333333333333
4546,2.769230769230769
4547,4.090909090909091
4548,34.5
4549,120.0
4550,390.0
4551,656.6666666666666
4552,268.0
4553,146.0
4554,146.0
4555,146.0
4556,146.0
4557,146.0
4558,133.9367088607595
4559,214.6
4560,175.0
4561,175.0
4562,226.0
4563,179.0
4564,220.0
4565,98.75
4566,50.92857142857143
4567,13.5
4568,11.0
4569,4.333333333333333
4570,7.0
4571,4.090909090909091
4572,34.5
4573,120.0
4574,349.0
4575,613.0
4576,268.0
4577,133.9367088607595
4578,133.9367088607595
4579,133.9367088607595
4580,133.9367088607595
4581,133.9367088607595
4582,133.9367088607595
4583,214.6
4584,412.88235294117646
4585,412.88235294117646
4586,291.7857142857143
4587,205.0
4588,159.22222222222223
4589,98.75
4590,50.92857142857143
4591,13.5
4592,11.0
4593,4.333333333333333
4594,4.090909090909091
4595,34.5
4596,120.0
4597,390.0
4598,656.6666666666666
4599,268.0
4600,133.9367088607595
4601,133.9367088607595
4602,133.9367088607595
4603,133.9367088607595
4604,133.9367088607595
4605,133.9367088607595
4606,214.6
4607,412.88235294117646
4608,412.88235294117646
4609,291.7857142857143
4610,205.0
4611,220.0
4612,98.75
4613,82.16666666666667
4614,30.0
4615,38.0
4616,12.0
4617,2.769230769230769
4618,4.090909090909091
4619,34.5
4620,120.0
4621,390.0
4622,592.5
4623,268.0
4624,138.625
4625,138.625
4626,247.0
4627,247.0
4628,247.0
4629,353.46666666666664
4630,367.0
4631,412.88235294117646
4632,412.88235294117646
4633,291.7857142857143
4634,151.0
4635,220.0
4636,83.0
4637,89.5
4638,35.333333333333336
4639,35.333333333333336
4640,25.0
4641,31.5
4642,5.0
4643,5.0
4644,50.0
4645,27.0
4646,160.0
4647,79.0
4648,213.82142857142858
4649,323.25
4650,323.25
4651,323.25
4652,323.25
4653,323.25
4654,323.25
4655,323.25
4656,136.0
4657,136.0
4658,108.0
4659,11.0
4660,67.0
4661,69.0
4662,55.31578947368421
4663,55.31578947368421
4664,80.5
4665,9.0
4666,5.0
4667,5.0
4668,50.0
4669,27.0
4670,160.0
4671,79.0
4672,323.25
4673,313.14285714285717
4674,323.25
4675,323.25
4676,457.6666666666667
4677,408.0
4678,376.0
4679,90.0
4680,441.1666666666667
4681,166.2
4682,230.0
4683,207.0
4684,108.0
4685,62.0
4686,25.470588235294116
4687,13.263157894736842
4688,19.0
4689,5.558558558558558
4690,4.090909090909091
4691,38.0
4692,120.0
4693,389.0
4694,656.6666666666666
4695,268.0
4696,173.55
4697,209.64285714285714
4698,315.42857142857144
4699,315.42857142857144
4700,315.42857142857144
4701,315.42857142857144
4702,438.0
4703,663.1904761904761
4704,663.1904761904761
4705,453.85714285714283
4706,281.8
4707,207.0
4708,108.0
4709,50.0
4710,25.470588235294116
4711,16.304347826086957
4712,19.0
4713,5.558558558558558
4714,5.558558558558558
4715,34.5
4716,120.0
4717,351.0
4718,409.0
4719,330.65
4720,173.55
4721,209.64285714285714
4722,315.42857142857144
4723,315.42857142857144
4724,315.42857142857144
4725,315.42857142857144
4726,438.0
4727,663.1904761904761
4728,663.1904761904761
4729,453.85714285714283
4730,281.8
4731,228.0
4732,110.0
4733,82.0
4734,37.416666666666664
4735,13.263157894736842
4736,19.0
4737,5.558558558558558
4738,5.558558558558558
4739,34.5
4740,110.0
4741,372.0
4742,745.0
4743,330.65
4744,173.55
4745,209.64285714285714
4746,315.42857142857144
4747,315.42857142857144
4748,315.42857142857144
4749,315.42857142857144
4750,329.0
4751,663.1904761904761
4752,663.1904761904761
4753,291.7857142857143
4754,223.0
4755,159.22222222222223
4756,108.0
4757,50.92857142857143
4758,13.5
4759,11.0
4760,3.4545454545454546
4761,2.769230769230769
4762,2.0
4763,34.5
4764,120.0
4765,349.0
4766,613.0
4767,268.0
4768,95.72222222222223
4769,133.9367088607595
4770,133.9367088607595
4771,133.9367088607595
4772,133.9367088607595
4773,133.9367088607595
4774,214.6
4775,412.88235294117646
4776,412.88235294117646
4777,226.0
4778,169.0
4779,152.0
4780,98.75
4781,61.0
4782,30.0
4783,38.0
4784,16.0
4785,2.769230769230769
4786,4.090909090909091
4787,34.5
4788,120.0
4789,390.0
4790,592.5
4791,268.0
4792,138.625
4793,138.625
4794,247.0
4795,247.0
4796,247.0
4797,247.0
4798,367.0
4799,412.88235294117646
4800,326.0
4801,291.7857142857143
4802,100.0
4803,152.0
4804,17.0
4805,95.0
4806,55.31578947368421
4807,55.31578947368421
4808,38.0
4809,31.5
4810,10.75
4811,10.75
4812,50.0
4813,41.5
4814,107.0
4815,79.0
4816,323.25
4817,323.25
4818,323.25
4819,323.25
4820,323.25
4821,408.0
4822,376.0
4823,323.25
4824,136.0
4825,136.0
4826,11.0
4827,11.0
4828,76.5
4829,108.0
4830,73.0
4831,70.0
4832,35.5
4833,17.333333333333332
4834,6.5
4835,6.5
4836,50.0
4837,41.5
4838,51.0
4839,79.0
4840,323.25
4841,323.25
4842,323.25
4843,323.25
4844,323.25
4845,80.0
4846,80.0
4847,80.0
4848,80.0
4849,80.0
4850,11.0
4851,11.0
4852,17.0
4853,52.0
4854,13.0
4855,10.75
4856,19.0
4857,5.558558558558558
4858,5.558558558558558
4859,38.0
4860,120.0
4861,389.0
4862,409.0
4863,299.6666666666667
4864,173.55
4865,239.0
4866,239.0
4867,239.0
4868,315.42857142857144
4869,315.42857142857144
4870,329.0
4871,663.1904761904761
4872,663.1904761904761
4873,453.85714285714283
4874,235.0
4875,141.0
4876,108.0
4877,46.0
4878,32.172413793103445
4879,13.263157894736842
4880,19.0
4881,1.0
4882,1.0
4883,13.5
4884,120.0
4885,390.0
4886,613.0
4887,305.6
4888,133.9367088607595
4889,133.9367088607595
4890,133.9367088607595
4891,133.9367088607595
4892,133.9367088607595
4893,133.9367088607595
4894,214.6
4895,412.88235294117646
4896,412.88235294117646
4897,291.7857142857143
4898,205.0
4899,159.22222222222223
4900,98.75
4901,50.92857142857143
4902,27.166666666666668
4903,11.0
4904,4.333333333333333
4905,2.769230769230769
4906,4.090909090909091
4907,34.5
4908,120.0
4909,390.0
4910,656.6666666666666
4911,268.0
4912,133.9367088607595
4913,133.9367088607595
4914,133.9367088607595
4915,133.9367088607595
4916,133.9367088607595
4917,133.9367088607595
4918,214.6
4919,412.88235294117646
4920,412.88235294117646
4921,291.7857142857143
4922,223.0
4923,152.0
4924,98.75
4925,50.92857142857143
4926,13.5
4927,11.0
4928,4.333333333333333
4929,1.0
4930,4.090909090909091
4931,34.5
4932,120.0
4933,390.0
4934,613.0
4935,305.6
4936,133.9367088607595
4937,133.9367088607595
4938,133.9367088607595
4939,133.9367088607595
4940,133.9367088607595
4941,133.9367088607595
4942,214.6
4943,412.88235294117646
4944,412.88235294117646
4945,291.7857142857143
4946,205.0
4947,159.22222222222223
4948,98.75
4949,82.16666666666667
4950,30.0
4951,38.0
4952,16.0
4953,2.769230769230769
4954,4.090909090909091
4955,34.5
4956,120.0
4957,390.0
4958,592.5
4959,268.0
4960,113.0
4961,138.625
4962,247.0
4963,247.0
4964,247.0
4965,247.0
4966,367.0
4967,412.88235294117646
4968,412.88235294117646
4969,291.7857142857143
4970,151.0
4971,220.0
4972,98.75
4973,89.5
4974,35.333333333333336
4975,55.31578947368421
4976,25.0
4977,31.5
4978,5.0
4979,5.0
4980,50.0
4981,52.5
4982,160.0
4983,223.0
4984,313.14285714285717
4985,323.25
4986,342.9166666666667
4987,342.9166666666667
4988,342.9166666666667
4989,408.0
4990,342.9166666666667
4991,248.25
4992,217.2
4993,136.0
4994,108.0
4995,92.5
4996,83.0
4997,82.16666666666667
4998,35.333333333333336
4999,31.5
5000,80.5
5001,9.0
5002,6.5
5003,6.5
5004,50.0
5005,41.5
5006,160.0
5007,79.0
5008,323.25
5009,323.25
5010,323.25
5011,323.25
5012,323.25
5013,323.25
5014,323.25
5015,323.25
5016,66.33333333333333
5017,166.2
5018,95.93333333333334
5019,11.0
5020,83.0
5021,52.0
5022,13.0
5023,16.304347826086957
5024,19.0
5025,2.769230769230769
5026,4.090909090909091
5027,34.5
5028,120.0
5029,389.0
5030,656.6666666666666
5031,268.0
5032,133.9367088607595
5033,133.9367088607595
5034,133.9367088607595
5035,133.9367088607595
5036,133.9367088607595
5037,315.42857142857144
5038,159.0
5039,253.0
5040,253.0
5041,442.55555555555554
5042,235.0
5043,141.0
5044,141.0
5045,71.0
5046,25.470588235294116
5047,12.75
5048,19.0
5049,5.558558558558558
5050,5.558558558558558
5051,34.5
5052,120.0
5053,389.0
5054,656.6666666666666
5055,268.0
5056,173.55
5057,209.64285714285714
5058,239.0
5059,315.42857142857144
5060,315.42857142857144
5061,315.42857142857144
5062,329.0
5063,606.0
5064,412.88235294117646
5065,291.7857142857143
5066,223.0
5067,188.0
5068,83.0
5069,57.0
5070,27.166666666666668
5071,11.5
5072,4.333333333333333
5073,2.769230769230769
5074,4.090909090909091
5075,34.5
5076,120.0
5077,390.0
5078,656.6666666666666
5079,268.0
5080,133.9367088607595
5081,133.9367088607595
5082,133.9367088607595
5083,315.42857142857144
5084,315.42857142857144
5085,315.42857142857144
5086,235.0
5087,606.0
5088,412.88235294117646
5089,291.7857142857143
5090,205.0
5091,159.22222222222223
5092,83.0
5093,57.0
5094,27.166666666666668
5095,7.5
5096,4.333333333333333
5097,2.769230769230769
5098,4.090909090909091
5099,34.5
5100,120.0
5101,390.0
5102,656.6666666666666
5103,268.0
5104,133.9367088607595
5105,133.9367088607595
5106,133.9367088607595
5107,133.9367088607595
5108,133.9367088607595
5109,133.9367088607595
5110,214.6
5111,412.88235294117646
5112,326.0
5113,291.7857142857143
5114,205.0
5115,152.0
5116,49.0
5117,30.0
5118,9.0
5119,35.0
5120,21.333333333333332
5121,14.0
5122,2.0588235294117645
5123,34.5
5124,120.0
5125,349.0
5126,592.5
5127,305.6
5128,138.625
5129,138.625
5130,247.0
5131,247.0
5132,247.0
5133,247.0
5134,367.0
5135,412.88235294117646
5136,412.88235294117646
5137,226.0
5138,171.0
5139,141.0
5140,78.0
5141,87.0
5142,55.31578947368421
5143,55.31578947368421
5144,38.666666666666664
5145,26.0
5146,6.444444444444445
5147,3.6666666666666665
5148,50.0
5149,52.5
5150,160.0
5151,276.0
5152,213.82142857142858
5153,213.82142857142858
5154,213.82142857142858
5155,265.5263157894737
5156,265.5263157894737
5157,213.82142857142858
5158,213.82142857142858
5159,213.82142857142858
5160,107.6923076923077
5161,107.6923076923077
5162,108.0
5163,92.5
5164,78.0
5165,63.333333333333336
5166,55.31578947368421
5167,55.31578947368421
5168,27.0
5169,66.0
5170,6.444444444444445
5171,6.444444444444445
5172,50.0
5173,52.5
5174,160.0
5175,185.0
5176,213.82142857142858
5177,213.82142857142858
5178,265.5263157894737
5179,265.5263157894737
5180,265.5263157894737
5181,342.9166666666667
5182,342.9166666666667
5183,313.14285714285717
5184,107.6923076923077
5185,163.5
5186,95.93333333333334
5187,92.5
5188,55.0
5189,64.0
5190,22.0
5191,6.25
5192,4.333333333333333
5193,4.5
5194,34.5
5195,120.0
5196,390.0
5197,656.6666666666666
5198,268.0
5199,133.9367088607595
5200,133.9367088607595
5201,133.9367088607595
5202,146.0
5203,146.0
5204,146.0
5205,97.4
5206,253.0
5207,253.0
5208,102.0
5209,125.0
5210,145.0
5211,98.75
5212,9.0
5213,41.0
5214,11.0
5215,20.0
5216,7.5
5217,7.5
5218,133.0
5219,27.0
5220,160.0
5221,79.0
5222,313.14285714285717
5223,313.14285714285717
5224,198.75
5225,342.9166666666667
5226,342.9166666666667
5227,342.9166666666667
5228,342.9166666666667
5229,265.5263157894737
5230,65.0
5231,65.0
5232,95.93333333333334
5233,75.0
5234,22.0
5235,17.0
5236,13.5
5237,11.0
5238,4.333333333333333
5239,4.5
5240,4.5
5241,34.5
5242,120.0
5243,390.0
5244,656.6666666666666
5245,305.6
5246,146.0
5247,146.0
5248,146.0
5249,146.0
5250,146.0
5251,146.0
5252,97.4
5253,253.0
5254,253.0
5255,174.0
5256,223.0
5257,145.0
5258,82.0
5259,32.0
5260,3.0
5261,3.0
5262,3.25
5263,2.0588235294117645
5264,2.0588235294117645
5265,34.5
5266,120.0
5267,390.0
5268,656.6666666666666
5269,305.6
5270,95.72222222222223
5271,95.72222222222223
5272,133.9367088607595
5273,133.9367088607595
5274,95.72222222222223
5275,95.72222222222223
5276,214.6
5277,412.88235294117646
5278,412.88235294117646
5279,226.0
5280,179.0
5281,145.0
5282,78.0
5283,63.333333333333336
5284,27.0
5285,38.0
5286,5.25
5287,2.0588235294117645
5288,2.0588235294117645
5289,34.5
5290,120.0
5291,390.0
5292,592.5
5293,305.6
5294,113.0
5295,113.0
5296,247.0
5297,247.0
5298,247.0
5299,247.0
5300,367.0
5301,412.88235294117646
5302,412.88235294117646
5303,226.0
5304,151.0
5305,145.0
5306,98.75
5307,23.0
5308,35.333333333333336
5309,55.31578947368421
5310,36.5
5311,31.5
5312,1.7142857142857142
5313,1.7142857142857142
5314,50.0
5315,52.5
5316,160.0
5317,79.0
5318,120.0
5319,80.0
5320,80.0
5321,80.0
5322,213.82142857142858
5323,213.82142857142858
5324,213.82142857142858
5325,213.82142857142858
5326,65.0
5327,107.6923076923077
5328,63.0
5329,75.0
5330,108.0
5331,17.0
5332,55.31578947368421
5333,55.31578947368421
5334,27.0
5335,66.0
5336,3.625
5337,3.625
5338,50.0
5339,52.5
5340,160.0
5341,276.0
5342,132.28571428571428
5343,213.82142857142858
5344,213.82142857142858
5345,213.82142857142858
5346,213.82142857142858
5347,213.82142857142858
5348,213.82142857142858
5349,213.82142857142858
5350,107.6923076923077
5351,163.5
5352,63.0
5353,92.5
5354,15.0
5355,23.0
5356,22.0
5357,6.0
5358,4.333333333333333
5359,4.5
5360,4.5
5361,34.5
5362,120.0
5363,390.0
5364,656.6666666666666
5365,268.0
5366,95.72222222222223
5367,95.72222222222223
5368,95.72222222222223
5369,133.9367088607595
5370,133.9367088607595
5371,133.9367088607595
5372,214.6
5373,412.88235294117646
5374,412.88235294117646
5375,226.0
5376,169.0
5377,159.22222222222223
5378,98.75
5379,50.92857142857143
